user_id,signup_date,platform,acquisition_channel,is_internal
U000001,2025-12-22,android,referral,false
U000002,2025-12-02,android,organic,false
U000003,2025-11-08,ios,referral,false
U000004,2025-11-09,android,organic,false
U000005,2026-01-03,ios,paid_social,false
U000006,2025-09-16,android,referral,false
U000007,2026-01-09,ios,referral,false
U000008,2026-03-06,ios,paid_social,false
U000009,2026-05-09,ios,organic,false
U000010,2025-11-25,android,organic,false
U000011,2025-10-25,android,organic,false
U000012,2026-04-22,android,organic,false
U000013,2026-02-11,ios,referral,false
U000014,2026-01-16,android,organic,false
U000015,2025-10-21,android,organic,false
U000016,2025-09-10,android,organic,false
U000017,2026-01-08,ios,paid_social,false
U000018,2025-11-18,android,organic,false
U000019,2026-03-28,ios,organic,false
U000020,2025-11-05,android,press,false
U000021,2025-09-15,ios,paid_social,false
U000022,2026-03-22,ios,paid_social,false
U000023,2026-05-03,android,organic,false
U000024,2025-09-24,android,paid_social,false
U000025,2026-05-06,ios,paid_social,false
U000026,2025-12-06,android,paid_social,false
U000027,2026-01-03,android,organic,false
U000028,2025-09-02,android,organic,false
U000029,2026-04-30,ios,organic,false
U000030,2025-09-27,ios,organic,false
U000031,2025-11-01,android,paid_social,false
U000032,2025-09-30,android,paid_social,false
U000033,2025-10-18,ios,organic,false
U000034,2026-02-19,ios,organic,false
U000035,2025-12-28,ios,organic,false
U000036,2025-11-03,android,organic,false
U000037,2026-01-01,ios,paid_social,false
U000038,2025-10-27,ios,organic,false
U000039,2026-01-24,ios,organic,false
U000040,2025-11-02,android,paid_social,false
U000041,2026-01-24,android,organic,false
U000042,2025-09-14,android,referral,false
U000043,2026-04-17,ios,organic,false
U000044,2026-03-17,android,organic,false
U000045,2026-05-28,android,paid_social,false
U000046,2026-04-11,ios,organic,false
U000047,2026-03-20,android,organic,false
U000048,2026-03-04,android,organic,false
U000049,2026-02-10,android,organic,false
U000050,2025-11-01,ios,press,false
U000051,2025-11-08,ios,paid_social,false
U000052,2025-12-15,ios,referral,false
U000053,2026-05-12,android,organic,false
U000054,2026-05-24,android,paid_social,false
U000055,2026-03-31,ios,paid_social,false
U000056,2025-09-14,ios,organic,false
U000057,2026-01-05,ios,press,false
U000058,2025-11-30,android,organic,false
U000059,2026-03-30,android,paid_social,false
U000060,2025-11-08,ios,organic,false
U000061,2026-03-27,android,paid_social,false
U000062,2026-04-03,ios,organic,false
U000063,2025-12-15,android,organic,false
U000064,2025-12-11,android,referral,false
U000065,2025-09-19,android,organic,false
U000066,2025-11-19,ios,paid_social,false
U000067,2026-05-11,android,paid_social,false
U000068,2026-01-03,android,organic,false
U000069,2025-09-13,ios,paid_social,false
U000070,2026-01-17,android,paid_social,false
U000071,2025-11-27,ios,organic,false
U000072,2025-11-11,ios,press,false
U000073,2026-01-12,ios,organic,false
U000074,2025-12-05,ios,paid_social,false
U000075,2026-04-08,android,referral,false
U000076,2025-09-24,android,organic,false
U000077,2026-02-17,android,organic,false
U000078,2025-10-12,android,referral,false
U000079,2025-12-25,ios,paid_social,false
U000080,2026-03-03,ios,organic,false
U000081,2026-02-23,android,referral,false
U000082,2025-09-17,ios,organic,false
U000083,2026-01-10,ios,referral,false
U000084,2025-12-21,android,press,false
U000085,2025-09-14,ios,paid_social,false
U000086,2026-03-11,android,organic,false
U000087,2025-09-17,ios,paid_social,false
U000088,2026-04-22,android,referral,false
U000089,2026-01-31,ios,referral,false
U000090,2026-02-17,ios,paid_social,false
U000091,2026-04-16,ios,organic,false
U000092,2025-10-06,ios,organic,false
U000093,2026-01-28,ios,referral,false
U000094,2025-10-29,ios,paid_social,false
U000095,2025-09-30,android,organic,false
U000096,2025-09-28,android,referral,false
U000097,2026-04-08,android,paid_social,false
U000098,2026-01-02,ios,organic,false
U000099,2025-12-11,ios,organic,false
U000100,2026-03-24,android,referral,false
U000101,2026-03-14,ios,organic,false
U000102,2026-01-30,ios,organic,false
U000103,2025-09-29,ios,referral,false
U000104,2025-10-23,android,organic,false
U000105,2026-03-16,ios,paid_social,false
U000106,2026-02-22,ios,referral,false
U000107,2025-10-02,ios,referral,false
U000108,2026-04-20,ios,referral,false
U000109,2026-04-12,android,paid_social,false
U000110,2026-02-15,android,paid_social,false
U000111,2026-02-20,android,organic,false
U000112,2025-11-10,android,referral,false
U000113,2026-05-15,android,organic,false
U000114,2025-11-04,android,organic,false
U000115,2025-11-10,ios,paid_social,false
U000116,2025-09-07,android,organic,false
U000117,2025-12-31,android,organic,false
U000118,2026-05-10,ios,organic,false
U000119,2025-12-11,ios,paid_social,false
U000120,2026-03-23,android,organic,false
U000121,2026-03-15,android,paid_social,false
U000122,2025-12-22,android,referral,false
U000123,2025-10-15,ios,organic,false
U000124,2026-01-31,android,organic,false
U000125,2026-03-30,android,press,false
U000126,2026-03-02,android,press,false
U000127,2025-12-27,android,organic,false
U000128,2026-02-06,ios,organic,false
U000129,2025-11-07,ios,paid_social,false
U000130,2025-09-05,ios,organic,false
U000131,2025-10-27,android,organic,false
U000132,2026-05-19,android,paid_social,false
U000133,2026-04-03,ios,referral,false
U000134,2026-02-21,android,referral,false
U000135,2026-05-19,android,organic,false
U000136,2025-11-09,android,organic,false
U000137,2026-02-20,android,press,false
U000138,2025-11-04,android,press,false
U000139,2025-09-22,android,organic,false
U000140,2025-10-05,android,referral,false
U000141,2025-11-15,android,organic,false
U000142,2026-03-30,android,organic,false
U000143,2025-09-07,ios,organic,false
U000144,2026-03-13,android,organic,false
U000145,2026-01-02,android,referral,false
U000146,2025-12-02,android,paid_social,false
U000147,2026-02-14,android,referral,false
U000148,2025-09-14,android,referral,false
U000149,2025-09-19,ios,referral,false
U000150,2025-12-05,ios,organic,false
U000151,2026-03-28,android,organic,false
U000152,2025-09-10,ios,organic,false
U000153,2026-02-04,android,referral,false
U000154,2025-09-09,ios,organic,false
U000155,2025-12-26,android,organic,false
U000156,2026-02-01,ios,organic,false
U000157,2025-11-26,ios,organic,false
U000158,2026-04-28,android,press,false
U000159,2026-01-25,ios,organic,false
U000160,2026-01-06,android,paid_social,false
U000161,2025-09-22,ios,paid_social,false
U000162,2025-10-23,android,organic,false
U000163,2025-10-22,android,press,false
U000164,2026-03-11,android,organic,false
U000165,2026-03-24,android,paid_social,false
U000166,2026-05-21,ios,paid_social,false
U000167,2025-11-20,ios,press,false
U000168,2025-10-03,android,organic,false
U000169,2026-03-30,android,paid_social,false
U000170,2026-04-02,android,referral,false
U000171,2025-10-18,android,referral,false
U000172,2025-11-22,ios,referral,false
U000173,2026-03-14,ios,organic,false
U000174,2026-01-24,ios,referral,false
U000175,2026-03-17,android,organic,false
U000176,2026-05-27,ios,press,false
U000177,2025-12-22,ios,organic,false
U000178,2025-10-14,ios,press,false
U000179,2026-05-25,android,paid_social,false
U000180,2025-10-03,ios,organic,false
U000181,2025-12-01,android,press,false
U000182,2025-09-28,ios,organic,false
U000183,2025-10-24,android,paid_social,false
U000184,2026-02-06,android,organic,false
U000185,2026-01-07,android,paid_social,false
U000186,2025-12-26,ios,organic,false
U000187,2025-11-29,android,paid_social,false
U000188,2026-03-09,ios,paid_social,false
U000189,2026-05-24,ios,press,false
U000190,2025-09-13,android,organic,false
U000191,2025-11-14,ios,press,false
U000192,2026-02-26,android,press,false
U000193,2025-12-04,android,paid_social,false
U000194,2026-05-08,ios,press,false
U000195,2026-04-10,ios,paid_social,false
U000196,2025-09-04,ios,referral,false
U000197,2025-11-08,ios,referral,false
U000198,2026-03-30,ios,referral,false
U000199,2025-12-12,ios,referral,false
U000200,2026-04-01,ios,referral,false
U000201,2026-01-31,android,paid_social,false
U000202,2025-09-29,ios,paid_social,false
U000203,2026-01-20,ios,organic,false
U000204,2026-03-31,android,paid_social,false
U000205,2026-05-25,ios,referral,false
U000206,2026-03-28,android,paid_social,false
U000207,2026-01-20,android,organic,false
U000208,2026-05-02,android,organic,false
U000209,2026-02-20,android,paid_social,false
U000210,2026-04-17,ios,paid_social,false
U000211,2025-10-27,android,organic,false
U000212,2026-05-14,android,organic,false
U000213,2025-12-10,ios,organic,false
U000214,2026-05-10,ios,paid_social,false
U000215,2026-05-18,ios,organic,false
U000216,2025-10-28,android,referral,false
U000217,2026-01-11,android,organic,false
U000218,2025-11-19,ios,press,false
U000219,2026-05-04,android,referral,false
U000220,2026-04-14,ios,paid_social,false
U000221,2026-01-26,android,press,false
U000222,2026-02-11,android,organic,false
U000223,2026-02-24,android,organic,false
U000224,2025-10-04,ios,press,false
U000225,2026-05-06,android,organic,false
U000226,2025-09-13,android,organic,false
U000227,2026-03-01,ios,organic,false
U000228,2025-09-17,android,organic,false
U000229,2025-11-05,ios,paid_social,false
U000230,2025-11-15,ios,organic,false
U000231,2026-03-03,android,press,false
U000232,2025-12-10,android,organic,false
U000233,2026-02-20,ios,referral,false
U000234,2025-12-16,android,organic,false
U000235,2026-03-25,android,organic,false
U000236,2025-12-25,android,organic,false
U000237,2026-05-28,android,organic,false
U000238,2026-01-10,android,organic,false
U000239,2025-10-02,android,organic,false
U000240,2026-05-06,ios,referral,false
U000241,2026-02-27,ios,press,false
U000242,2025-10-29,android,organic,false
U000243,2025-11-05,android,organic,false
U000244,2025-11-30,android,organic,false
U000245,2026-03-14,android,organic,false
U000246,2025-11-24,android,organic,false
U000247,2026-03-30,ios,organic,false
U000248,2026-04-17,android,referral,false
U000249,2025-09-06,android,organic,false
U000250,2025-10-19,android,referral,false
U000251,2025-11-06,android,paid_social,false
U000252,2025-10-08,android,press,false
U000253,2025-12-23,ios,organic,false
U000254,2025-10-29,android,referral,false
U000255,2025-10-04,ios,organic,false
U000256,2025-10-02,android,organic,false
U000257,2025-10-08,ios,referral,false
U000258,2026-02-12,android,referral,false
U000259,2025-11-14,ios,referral,false
U000260,2025-12-06,android,organic,false
U000261,2025-10-06,android,press,false
U000262,2026-01-17,android,paid_social,false
U000263,2026-03-12,android,paid_social,false
U000264,2025-10-25,android,referral,false
U000265,2025-11-06,ios,organic,false
U000266,2025-11-01,ios,referral,false
U000267,2025-09-03,android,organic,false
U000268,2026-05-12,android,organic,false
U000269,2025-11-01,ios,paid_social,false
U000270,2025-10-13,ios,organic,false
U000271,2025-10-13,ios,press,false
U000272,2025-12-28,ios,referral,false
U000273,2026-02-28,android,paid_social,false
U000274,2026-01-11,android,organic,false
U000275,2025-09-02,android,organic,false
U000276,2025-11-09,ios,paid_social,false
U000277,2026-05-17,ios,organic,false
U000278,2026-04-20,android,referral,false
U000279,2025-10-03,ios,organic,false
U000280,2026-04-22,android,organic,false
U000281,2026-05-27,ios,organic,false
U000282,2026-05-01,android,organic,false
U000283,2025-11-02,ios,paid_social,false
U000284,2026-01-01,android,paid_social,false
U000285,2026-02-08,android,organic,false
U000286,2025-11-12,android,organic,false
U000287,2026-03-27,ios,organic,false
U000288,2026-02-18,ios,organic,false
U000289,2025-12-08,ios,organic,false
U000290,2025-10-21,android,paid_social,false
U000291,2025-10-05,ios,referral,false
U000292,2025-12-22,ios,organic,false
U000293,2026-05-27,android,organic,false
U000294,2026-01-05,ios,organic,false
U000295,2026-04-08,ios,organic,false
U000296,2025-11-06,android,referral,false
U000297,2026-01-11,android,paid_social,false
U000298,2025-12-13,android,referral,false
U000299,2026-05-09,ios,referral,false
U000300,2025-10-16,ios,organic,false
U000301,2026-02-12,android,organic,false
U000302,2025-10-28,ios,organic,false
U000303,2026-03-25,android,press,false
U000304,2026-04-18,android,organic,false
U000305,2026-01-12,android,organic,false
U000306,2025-09-21,ios,organic,false
U000307,2026-03-24,ios,organic,false
U000308,2026-02-23,ios,organic,false
U000309,2026-05-03,ios,paid_social,false
U000310,2026-04-10,ios,paid_social,false
U000311,2026-03-19,ios,paid_social,false
U000312,2026-04-20,ios,press,false
U000313,2025-10-09,android,paid_social,false
U000314,2026-02-03,android,organic,false
U000315,2025-12-01,android,organic,false
U000316,2026-01-18,android,referral,false
U000317,2026-02-13,ios,press,false
U000318,2026-04-23,android,organic,false
U000319,2025-12-21,ios,paid_social,false
U000320,2025-12-10,ios,referral,false
U000321,2025-11-04,ios,paid_social,false
U000322,2026-03-26,ios,paid_social,false
U000323,2026-02-04,android,paid_social,false
U000324,2026-05-27,ios,paid_social,false
U000325,2026-02-06,ios,referral,false
U000326,2026-04-26,android,paid_social,false
U000327,2026-05-27,android,paid_social,false
U000328,2026-02-12,android,paid_social,false
U000329,2026-03-01,ios,referral,false
U000330,2026-02-10,android,paid_social,false
U000331,2025-10-20,ios,paid_social,false
U000332,2025-10-01,android,organic,false
U000333,2025-11-10,ios,organic,false
U000334,2025-12-06,android,organic,false
U000335,2026-03-02,ios,organic,false
U000336,2026-01-31,ios,organic,false
U000337,2025-11-25,android,press,false
U000338,2026-01-15,android,paid_social,false
U000339,2026-04-23,ios,referral,false
U000340,2026-04-15,ios,organic,false
U000341,2026-02-27,android,organic,false
U000342,2025-10-01,ios,organic,false
U000343,2026-04-21,android,referral,false
U000344,2026-04-23,android,paid_social,false
U000345,2026-04-21,android,referral,false
U000346,2026-03-03,android,press,false
U000347,2025-11-18,ios,paid_social,false
U000348,2026-03-08,ios,organic,false
U000349,2026-01-14,android,organic,false
U000350,2026-05-19,android,paid_social,false
U000351,2026-02-06,android,organic,false
U000352,2025-11-15,android,organic,false
U000353,2026-03-08,android,organic,false
U000354,2025-12-27,ios,organic,false
U000355,2025-11-10,android,organic,false
U000356,2026-03-17,android,paid_social,false
U000357,2026-01-25,ios,referral,false
U000358,2026-05-27,android,referral,false
U000359,2026-02-16,android,paid_social,false
U000360,2025-10-16,android,paid_social,false
U000361,2025-09-12,android,organic,false
U000362,2025-09-01,ios,paid_social,false
U000363,2026-01-11,android,paid_social,false
U000364,2025-09-30,ios,organic,false
U000365,2026-01-08,ios,paid_social,false
U000366,2025-12-07,android,organic,false
U000367,2026-02-10,android,press,false
U000368,2026-03-19,ios,organic,false
U000369,2026-04-21,ios,paid_social,false
U000370,2026-05-18,android,organic,false
U000371,2026-03-28,ios,referral,false
U000372,2026-02-06,android,referral,false
U000373,2025-09-24,ios,press,false
U000374,2026-01-05,android,organic,false
U000375,2026-04-25,android,paid_social,false
U000376,2026-01-02,ios,paid_social,false
U000377,2026-04-20,ios,organic,false
U000378,2026-02-26,ios,paid_social,false
U000379,2026-01-16,ios,organic,false
U000380,2026-03-24,android,paid_social,false
U000381,2025-12-22,android,paid_social,false
U000382,2026-01-01,ios,referral,false
U000383,2026-01-14,ios,referral,false
U000384,2025-09-05,ios,paid_social,false
U000385,2026-03-03,android,paid_social,false
U000386,2026-02-21,android,organic,false
U000387,2026-04-05,android,organic,false
U000388,2026-04-29,android,paid_social,false
U000389,2026-01-26,android,paid_social,false
U000390,2026-03-17,android,press,false
U000391,2025-11-30,ios,organic,false
U000392,2025-11-04,ios,organic,false
U000393,2026-05-21,ios,organic,false
U000394,2026-02-09,ios,referral,false
U000395,2025-10-08,android,referral,false
U000396,2026-05-11,android,organic,false
U000397,2026-05-01,android,organic,false
U000398,2026-01-04,ios,paid_social,false
U000399,2026-04-11,ios,organic,false
U000400,2025-11-24,ios,organic,false
U000401,2026-04-03,android,organic,false
U000402,2026-05-07,android,organic,false
U000403,2026-01-07,ios,organic,false
U000404,2026-02-15,android,organic,false
U000405,2026-02-01,android,paid_social,false
U000406,2025-09-27,ios,paid_social,false
U000407,2025-09-09,android,referral,false
U000408,2025-10-03,android,referral,false
U000409,2025-10-22,android,press,false
U000410,2026-03-21,android,paid_social,false
U000411,2025-12-31,android,organic,false
U000412,2026-03-12,ios,paid_social,false
U000413,2025-12-05,android,organic,false
U000414,2026-03-14,android,organic,false
U000415,2026-05-15,android,press,false
U000416,2026-02-17,android,organic,false
U000417,2025-11-27,ios,paid_social,false
U000418,2025-09-17,android,paid_social,false
U000419,2025-11-06,android,organic,false
U000420,2026-05-16,android,organic,false
U000421,2025-10-12,android,referral,false
U000422,2026-02-23,ios,organic,false
U000423,2026-02-21,android,organic,false
U000424,2025-09-17,android,organic,false
U000425,2025-09-12,ios,organic,false
U000426,2025-11-26,android,organic,false
U000427,2026-04-18,android,referral,false
U000428,2026-02-14,android,paid_social,false
U000429,2025-10-01,android,organic,false
U000430,2026-05-15,android,organic,false
U000431,2025-11-08,android,paid_social,false
U000432,2025-11-19,android,organic,false
U000433,2026-05-20,ios,organic,false
U000434,2026-04-25,android,organic,false
U000435,2026-03-17,android,referral,false
U000436,2025-11-21,android,paid_social,false
U000437,2025-09-08,ios,press,false
U000438,2025-09-09,android,organic,false
U000439,2026-01-30,android,paid_social,false
U000440,2025-10-26,ios,paid_social,false
U000441,2025-11-09,android,organic,false
U000442,2025-10-16,android,organic,false
U000443,2026-01-07,ios,organic,false
U000444,2025-11-24,android,organic,false
U000445,2025-10-27,android,organic,false
U000446,2026-04-17,ios,referral,false
U000447,2025-09-28,android,organic,false
U000448,2026-04-19,android,organic,false
U000449,2025-10-22,android,paid_social,false
U000450,2026-05-24,ios,paid_social,false
U000451,2025-11-06,ios,organic,false
U000452,2026-02-11,android,organic,false
U000453,2025-11-14,android,press,false
U000454,2025-11-21,android,paid_social,false
U000455,2026-03-20,android,organic,false
U000456,2026-02-06,ios,paid_social,false
U000457,2025-10-31,ios,press,false
U000458,2025-09-28,android,paid_social,false
U000459,2025-10-12,android,organic,false
U000460,2026-04-27,ios,organic,false
U000461,2025-12-01,ios,paid_social,false
U000462,2025-10-24,android,paid_social,false
U000463,2026-03-17,android,paid_social,false
U000464,2025-09-06,android,organic,false
U000465,2025-12-20,android,referral,false
U000466,2026-04-08,ios,organic,false
U000467,2026-05-02,android,organic,false
U000468,2026-03-31,ios,organic,false
U000469,2025-09-26,android,referral,false
U000470,2026-04-01,ios,organic,false
U000471,2025-12-10,android,organic,false
U000472,2026-05-13,ios,organic,false
U000473,2025-12-14,ios,organic,false
U000474,2026-04-19,ios,paid_social,false
U000475,2026-02-25,ios,paid_social,false
U000476,2026-02-16,ios,referral,false
U000477,2025-10-22,android,organic,false
U000478,2025-11-09,ios,paid_social,false
U000479,2025-09-23,ios,organic,false
U000480,2026-02-23,ios,press,false
U000481,2026-01-27,ios,referral,false
U000482,2025-09-08,ios,organic,false
U000483,2026-05-12,ios,press,false
U000484,2025-09-19,android,paid_social,false
U000485,2026-05-24,ios,organic,false
U000486,2026-05-09,android,organic,false
U000487,2026-05-07,ios,paid_social,false
U000488,2026-05-17,ios,paid_social,false
U000489,2025-11-04,android,referral,false
U000490,2025-11-30,android,organic,false
U000491,2026-02-28,ios,paid_social,false
U000492,2025-09-22,android,organic,false
U000493,2025-09-27,ios,organic,false
U000494,2025-11-10,ios,paid_social,false
U000495,2026-05-13,ios,paid_social,false
U000496,2025-12-24,ios,organic,false
U000497,2026-01-29,ios,referral,false
U000498,2026-02-27,android,organic,false
U000499,2026-03-29,android,referral,false
U000500,2025-11-20,android,organic,false
U000501,2026-01-01,android,referral,false
U000502,2025-10-13,android,paid_social,false
U000503,2026-04-18,ios,organic,false
U000504,2025-10-24,android,press,false
U000505,2025-10-06,ios,paid_social,false
U000506,2026-02-19,android,paid_social,false
U000507,2025-11-23,ios,organic,false
U000508,2026-01-22,ios,organic,false
U000509,2026-04-04,android,paid_social,false
U000510,2025-09-01,ios,paid_social,false
U000511,2026-03-17,android,organic,false
U000512,2026-04-16,android,organic,false
U000513,2026-01-23,ios,organic,false
U000514,2026-05-21,android,referral,false
U000515,2026-04-16,android,organic,false
U000516,2025-12-14,android,organic,false
U000517,2025-10-24,ios,organic,false
U000518,2025-11-21,android,organic,false
U000519,2026-02-25,ios,referral,false
U000520,2025-10-07,ios,organic,false
U000521,2025-11-25,android,organic,false
U000522,2025-09-27,android,organic,false
U000523,2025-12-23,android,organic,false
U000524,2026-03-28,ios,referral,false
U000525,2025-11-26,ios,organic,false
U000526,2026-02-23,android,organic,false
U000527,2026-03-28,ios,paid_social,false
U000528,2025-09-13,ios,paid_social,false
U000529,2026-04-07,android,organic,false
U000530,2025-09-22,android,organic,false
U000531,2025-12-29,android,referral,false
U000532,2025-11-01,ios,referral,false
U000533,2025-12-10,ios,paid_social,false
U000534,2025-09-07,android,organic,false
U000535,2025-12-02,ios,organic,false
U000536,2025-09-21,android,paid_social,false
U000537,2026-03-27,android,paid_social,false
U000538,2025-11-27,android,paid_social,false
U000539,2025-09-18,ios,organic,false
U000540,2025-09-18,android,organic,false
U000541,2025-10-22,ios,organic,false
U000542,2025-10-22,android,press,false
U000543,2025-09-14,ios,organic,false
U000544,2025-10-23,android,organic,false
U000545,2025-12-24,android,paid_social,false
U000546,2025-12-12,android,organic,false
U000547,2026-01-06,android,paid_social,false
U000548,2025-09-19,ios,organic,false
U000549,2025-10-07,android,press,false
U000550,2025-11-06,android,organic,false
U000551,2025-09-06,ios,referral,false
U000552,2025-09-16,ios,referral,false
U000553,2025-09-15,android,paid_social,false
U000554,2025-11-25,android,referral,false
U000555,2026-05-20,android,organic,false
U000556,2026-04-01,ios,organic,false
U000557,2026-05-06,android,organic,false
U000558,2026-05-17,android,referral,false
U000559,2026-02-10,android,paid_social,false
U000560,2026-03-19,android,paid_social,false
U000561,2025-12-16,android,paid_social,false
U000562,2025-09-04,android,organic,false
U000563,2025-11-25,ios,organic,false
U000564,2025-09-23,ios,paid_social,false
U000565,2025-11-20,ios,paid_social,false
U000566,2025-09-24,ios,paid_social,false
U000567,2026-03-31,ios,organic,false
U000568,2025-10-29,android,paid_social,false
U000569,2026-01-04,android,organic,false
U000570,2025-11-22,android,paid_social,false
U000571,2026-05-28,android,organic,false
U000572,2025-12-28,ios,organic,false
U000573,2026-03-30,android,paid_social,false
U000574,2025-12-06,ios,paid_social,false
U000575,2026-03-13,ios,organic,false
U000576,2026-05-19,ios,referral,false
U000577,2025-09-06,android,organic,false
U000578,2025-09-25,ios,press,false
U000579,2026-03-05,ios,referral,false
U000580,2026-01-27,android,organic,false
U000581,2026-05-27,android,organic,false
U000582,2026-03-27,android,paid_social,false
U000583,2026-04-13,android,paid_social,false
U000584,2026-05-12,android,organic,false
U000585,2025-10-28,android,referral,false
U000586,2025-10-28,ios,press,false
U000587,2025-09-01,android,organic,false
U000588,2026-04-01,android,organic,false
U000589,2025-10-03,android,organic,false
U000590,2026-01-05,android,organic,false
U000591,2025-10-19,android,press,false
U000592,2025-09-22,android,press,false
U000593,2026-04-28,ios,referral,false
U000594,2025-12-03,android,paid_social,false
U000595,2026-03-04,ios,paid_social,false
U000596,2026-02-14,android,organic,false
U000597,2025-12-12,android,organic,false
U000598,2026-01-24,ios,paid_social,false
U000599,2026-02-16,android,referral,false
U000600,2026-02-02,ios,paid_social,false
U000601,2025-09-23,ios,organic,false
U000602,2026-05-27,ios,organic,false
U000603,2026-03-15,android,referral,false
U000604,2025-11-05,android,paid_social,false
U000605,2025-10-19,ios,paid_social,false
U000606,2026-05-11,android,organic,false
U000607,2026-03-27,android,organic,false
U000608,2026-03-02,ios,press,false
U000609,2025-09-08,android,referral,false
U000610,2026-02-27,ios,organic,false
U000611,2026-05-18,ios,referral,false
U000612,2025-11-25,android,organic,false
U000613,2026-02-16,ios,organic,false
U000614,2025-09-05,ios,organic,false
U000615,2025-10-28,ios,paid_social,false
U000616,2025-10-26,ios,paid_social,false
U000617,2025-10-02,android,referral,false
U000618,2025-10-10,android,organic,false
U000619,2026-03-31,ios,organic,false
U000620,2025-10-31,ios,organic,false
U000621,2026-02-08,android,paid_social,false
U000622,2026-05-16,android,organic,false
U000623,2025-09-23,ios,paid_social,false
U000624,2026-05-24,android,organic,false
U000625,2025-11-14,ios,organic,false
U000626,2026-01-18,android,press,false
U000627,2025-12-22,android,press,false
U000628,2026-05-28,android,referral,false
U000629,2025-12-18,android,paid_social,false
U000630,2025-09-22,ios,press,false
U000631,2026-02-09,android,press,false
U000632,2025-12-29,android,referral,false
U000633,2025-09-26,android,referral,false
U000634,2025-12-22,android,organic,false
U000635,2026-04-09,ios,organic,false
U000636,2025-12-10,ios,referral,false
U000637,2026-01-04,ios,referral,false
U000638,2026-01-13,android,paid_social,false
U000639,2026-01-17,android,paid_social,false
U000640,2026-04-20,android,organic,false
U000641,2025-12-09,android,referral,false
U000642,2025-11-21,android,paid_social,false
U000643,2025-12-24,ios,referral,false
U000644,2025-12-31,ios,paid_social,false
U000645,2026-04-05,ios,organic,false
U000646,2025-09-02,ios,organic,false
U000647,2025-10-04,ios,organic,false
U000648,2025-11-09,android,paid_social,false
U000649,2026-04-02,ios,organic,false
U000650,2025-12-15,android,paid_social,false
U000651,2025-12-03,ios,organic,false
U000652,2025-09-04,android,paid_social,false
U000653,2026-01-18,ios,organic,false
U000654,2025-11-18,ios,organic,false
U000655,2026-05-16,android,organic,false
U000656,2026-04-04,android,organic,false
U000657,2026-04-03,android,press,false
U000658,2026-02-01,ios,organic,false
U000659,2026-03-01,android,paid_social,false
U000660,2026-05-08,ios,press,false
U000661,2026-03-26,android,referral,false
U000662,2025-09-26,android,organic,false
U000663,2025-10-21,ios,organic,false
U000664,2026-02-14,android,organic,false
U000665,2025-10-27,android,paid_social,false
U000666,2026-01-20,ios,referral,false
U000667,2026-01-17,ios,organic,false
U000668,2025-11-11,android,organic,false
U000669,2026-01-17,ios,paid_social,false
U000670,2025-12-28,ios,organic,false
U000671,2026-03-21,android,paid_social,false
U000672,2025-12-25,android,paid_social,false
U000673,2026-05-02,android,referral,false
U000674,2025-09-09,ios,paid_social,false
U000675,2025-12-23,android,referral,false
U000676,2026-01-13,android,press,false
U000677,2025-12-13,android,referral,false
U000678,2025-11-07,android,paid_social,false
U000679,2025-11-14,ios,organic,false
U000680,2025-12-10,android,paid_social,false
U000681,2026-05-20,ios,paid_social,false
U000682,2026-02-06,android,organic,false
U000683,2026-05-12,android,organic,false
U000684,2026-02-05,ios,organic,false
U000685,2026-04-27,ios,paid_social,false
U000686,2025-10-18,android,organic,false
U000687,2026-02-11,ios,organic,false
U000688,2026-03-10,ios,organic,false
U000689,2025-11-29,ios,paid_social,false
U000690,2026-01-10,ios,press,false
U000691,2025-10-30,android,paid_social,false
U000692,2026-03-07,android,paid_social,false
U000693,2025-10-23,ios,organic,false
U000694,2026-04-29,ios,referral,false
U000695,2026-01-14,ios,paid_social,false
U000696,2026-01-15,android,organic,false
U000697,2026-03-04,ios,paid_social,false
U000698,2026-05-12,android,paid_social,false
U000699,2025-12-21,ios,referral,false
U000700,2025-09-12,android,organic,false
U000701,2026-01-10,ios,paid_social,false
U000702,2025-10-10,ios,organic,false
U000703,2026-01-29,ios,organic,false
U000704,2025-09-08,android,organic,false
U000705,2026-05-05,ios,referral,false
U000706,2026-05-10,android,paid_social,false
U000707,2026-01-13,ios,organic,false
U000708,2025-10-18,android,referral,false
U000709,2026-03-01,ios,referral,false
U000710,2026-02-26,android,organic,false
U000711,2026-05-16,ios,organic,false
U000712,2026-04-10,ios,press,false
U000713,2026-04-11,android,organic,false
U000714,2026-04-06,ios,referral,false
U000715,2026-01-21,ios,organic,false
U000716,2026-04-14,ios,organic,false
U000717,2026-02-08,ios,paid_social,false
U000718,2026-04-13,android,organic,false
U000719,2026-03-11,android,organic,false
U000720,2026-02-17,android,organic,false
U000721,2026-02-20,android,organic,false
U000722,2025-10-08,android,paid_social,false
U000723,2026-03-05,android,organic,false
U000724,2026-05-20,android,referral,false
U000725,2026-03-17,android,organic,false
U000726,2026-02-16,android,organic,false
U000727,2026-03-01,android,organic,false
U000728,2026-02-13,android,press,false
U000729,2026-01-28,ios,organic,false
U000730,2026-04-25,android,organic,false
U000731,2026-02-25,android,organic,false
U000732,2026-03-28,ios,organic,false
U000733,2026-02-14,android,organic,false
U000734,2026-04-13,android,paid_social,false
U000735,2026-01-12,android,organic,false
U000736,2025-09-12,android,organic,false
U000737,2026-02-02,android,organic,false
U000738,2026-02-08,android,organic,false
U000739,2025-10-17,android,referral,false
U000740,2026-01-01,android,organic,false
U000741,2026-05-15,android,press,false
U000742,2025-09-27,ios,press,false
U000743,2025-11-12,ios,paid_social,false
U000744,2026-02-03,ios,press,false
U000745,2025-09-30,ios,referral,false
U000746,2025-09-08,android,paid_social,false
U000747,2025-11-14,android,paid_social,false
U000748,2025-10-24,ios,organic,false
U000749,2026-05-24,android,paid_social,false
U000750,2026-03-18,android,organic,false
U000751,2026-04-15,ios,referral,false
U000752,2026-03-24,android,referral,false
U000753,2025-11-12,android,organic,false
U000754,2026-01-11,android,press,false
U000755,2025-12-09,ios,referral,false
U000756,2025-11-26,ios,paid_social,false
U000757,2026-05-26,ios,organic,false
U000758,2026-03-22,android,organic,false
U000759,2026-03-12,android,referral,false
U000760,2025-11-30,android,organic,false
U000761,2026-05-07,android,referral,false
U000762,2025-10-26,ios,paid_social,false
U000763,2025-12-24,android,press,false
U000764,2025-12-08,ios,organic,false
U000765,2025-11-14,ios,organic,false
U000766,2026-04-11,android,paid_social,false
U000767,2026-05-09,android,organic,false
U000768,2026-01-20,ios,organic,false
U000769,2025-12-05,android,organic,false
U000770,2025-12-16,ios,organic,false
U000771,2026-05-20,ios,press,false
U000772,2025-09-23,android,referral,false
U000773,2026-03-26,ios,press,false
U000774,2026-03-18,android,organic,false
U000775,2025-11-26,android,organic,false
U000776,2025-12-14,android,paid_social,false
U000777,2025-09-14,android,paid_social,false
U000778,2025-11-13,android,organic,false
U000779,2026-05-22,ios,organic,false
U000780,2025-11-16,android,referral,false
U000781,2025-10-06,android,paid_social,false
U000782,2026-02-02,ios,paid_social,false
U000783,2026-04-01,ios,organic,false
U000784,2025-11-18,android,organic,false
U000785,2025-12-02,ios,paid_social,false
U000786,2026-04-24,android,paid_social,false
U000787,2025-10-23,android,organic,false
U000788,2025-12-21,ios,referral,false
U000789,2025-10-07,ios,paid_social,false
U000790,2025-12-17,android,referral,false
U000791,2026-02-27,ios,paid_social,false
U000792,2025-10-25,android,organic,false
U000793,2026-01-22,android,referral,false
U000794,2025-12-26,ios,paid_social,false
U000795,2026-04-03,ios,organic,false
U000796,2025-11-13,ios,paid_social,false
U000797,2025-11-11,android,press,false
U000798,2025-09-22,ios,organic,false
U000799,2026-02-26,ios,organic,false
U000800,2026-04-29,android,paid_social,false
U000801,2026-05-24,ios,referral,false
U000802,2025-12-01,ios,referral,false
U000803,2025-10-07,ios,paid_social,false
U000804,2025-11-09,android,paid_social,false
U000805,2025-10-21,android,paid_social,false
U000806,2025-12-23,ios,referral,false
U000807,2026-05-03,android,paid_social,false
U000808,2026-04-10,ios,paid_social,false
U000809,2026-05-27,ios,organic,false
U000810,2026-01-21,ios,paid_social,false
U000811,2025-10-06,ios,press,false
U000812,2026-03-06,ios,referral,false
U000813,2025-12-11,android,paid_social,false
U000814,2026-02-09,android,organic,false
U000815,2026-04-02,ios,paid_social,false
U000816,2026-03-21,ios,organic,false
U000817,2025-12-16,ios,paid_social,false
U000818,2026-03-17,android,referral,false
U000819,2025-10-23,ios,referral,false
U000820,2025-09-06,ios,organic,false
U000821,2025-11-25,android,press,false
U000822,2025-10-05,ios,paid_social,false
U000823,2025-10-22,ios,referral,false
U000824,2026-02-10,android,organic,false
U000825,2026-02-18,ios,organic,false
U000826,2026-02-16,ios,referral,false
U000827,2026-03-19,android,referral,false
U000828,2025-12-12,ios,organic,false
U000829,2026-03-18,ios,referral,false
U000830,2025-12-03,ios,organic,false
U000831,2026-01-05,android,paid_social,false
U000832,2026-02-09,ios,organic,false
U000833,2026-05-03,ios,organic,false
U000834,2025-10-25,ios,organic,false
U000835,2026-05-23,ios,organic,false
U000836,2026-02-05,ios,referral,false
U000837,2026-03-01,android,paid_social,false
U000838,2025-09-13,android,organic,false
U000839,2026-05-15,ios,organic,false
U000840,2025-10-28,ios,organic,false
U000841,2026-04-17,android,organic,false
U000842,2025-12-22,android,referral,false
U000843,2026-02-24,android,press,false
U000844,2026-05-27,ios,organic,false
U000845,2025-11-06,android,paid_social,false
U000846,2026-04-23,android,paid_social,false
U000847,2026-01-30,android,organic,false
U000848,2026-01-20,android,referral,false
U000849,2025-09-17,android,paid_social,false
U000850,2025-09-24,android,organic,false
U000851,2025-10-04,android,press,false
U000852,2025-09-26,android,press,false
U000853,2025-09-10,android,referral,false
U000854,2026-01-31,android,organic,false
U000855,2025-11-20,ios,paid_social,false
U000856,2025-10-20,ios,organic,false
U000857,2025-11-10,android,organic,false
U000858,2026-05-09,android,organic,false
U000859,2025-12-07,android,press,false
U000860,2025-11-23,ios,referral,false
U000861,2026-01-24,ios,organic,false
U000862,2026-01-05,android,referral,false
U000863,2025-12-30,android,organic,false
U000864,2025-09-03,ios,paid_social,false
U000865,2026-03-23,android,press,false
U000866,2025-11-20,android,organic,false
U000867,2026-01-15,android,referral,false
U000868,2025-12-06,android,paid_social,false
U000869,2025-12-27,ios,organic,false
U000870,2025-12-19,ios,paid_social,false
U000871,2026-02-23,ios,organic,false
U000872,2025-09-18,ios,paid_social,false
U000873,2025-09-18,ios,organic,false
U000874,2026-04-26,android,organic,false
U000875,2026-04-11,android,organic,false
U000876,2025-09-18,android,organic,false
U000877,2025-09-04,ios,referral,false
U000878,2026-03-27,ios,press,false
U000879,2025-11-27,android,organic,false
U000880,2026-05-16,android,organic,false
U000881,2026-02-18,ios,organic,false
U000882,2026-01-28,ios,paid_social,false
U000883,2026-01-18,ios,organic,false
U000884,2025-10-11,ios,organic,false
U000885,2025-10-16,android,paid_social,false
U000886,2025-09-26,android,press,false
U000887,2026-03-09,ios,press,false
U000888,2026-04-29,android,paid_social,false
U000889,2026-05-15,android,paid_social,false
U000890,2026-02-24,ios,paid_social,false
U000891,2025-12-27,ios,organic,false
U000892,2025-10-26,android,organic,false
U000893,2025-11-26,ios,press,false
U000894,2026-03-10,ios,referral,false
U000895,2026-05-23,ios,organic,false
U000896,2026-02-06,android,organic,false
U000897,2025-10-11,android,organic,false
U000898,2026-05-06,android,referral,false
U000899,2026-04-14,ios,paid_social,false
U000900,2026-05-17,android,organic,false
U000901,2026-03-20,android,paid_social,false
U000902,2025-10-12,android,organic,false
U000903,2025-10-09,ios,organic,false
U000904,2026-02-25,ios,organic,false
U000905,2026-02-08,android,organic,false
U000906,2026-03-08,android,paid_social,false
U000907,2025-10-30,ios,organic,false
U000908,2026-04-28,ios,paid_social,false
U000909,2026-05-23,android,organic,false
U000910,2026-03-17,android,organic,false
U000911,2026-03-10,android,paid_social,false
U000912,2025-12-09,android,organic,false
U000913,2026-05-21,android,organic,false
U000914,2026-05-25,android,paid_social,false
U000915,2026-03-17,android,organic,false
U000916,2026-02-14,ios,paid_social,false
U000917,2026-05-01,android,organic,false
U000918,2025-09-17,ios,organic,false
U000919,2025-11-13,android,paid_social,false
U000920,2026-03-29,android,organic,false
U000921,2026-04-12,android,press,false
U000922,2026-05-25,ios,paid_social,false
U000923,2026-01-05,ios,paid_social,false
U000924,2026-02-05,ios,organic,false
U000925,2025-10-15,android,referral,false
U000926,2026-03-09,ios,referral,false
U000927,2025-12-07,android,organic,false
U000928,2026-04-12,android,organic,false
U000929,2025-10-06,ios,press,false
U000930,2025-12-10,ios,paid_social,false
U000931,2026-01-09,ios,organic,false
U000932,2026-02-03,android,organic,false
U000933,2025-12-02,android,organic,false
U000934,2026-01-05,ios,organic,false
U000935,2026-01-12,android,organic,false
U000936,2026-05-05,android,organic,false
U000937,2025-12-19,ios,press,false
U000938,2026-05-22,ios,press,false
U000939,2025-09-05,android,organic,false
U000940,2025-09-10,android,referral,false
U000941,2026-01-09,android,referral,false
U000942,2026-01-12,ios,organic,false
U000943,2025-11-24,android,paid_social,false
U000944,2026-01-31,android,organic,false
U000945,2026-03-12,ios,organic,false
U000946,2025-11-30,ios,referral,false
U000947,2026-05-27,android,referral,false
U000948,2026-03-08,android,organic,false
U000949,2025-09-11,ios,organic,false
U000950,2025-09-28,android,paid_social,false
U000951,2026-01-13,android,paid_social,false
U000952,2026-04-09,android,referral,false
U000953,2026-01-06,ios,organic,false
U000954,2026-03-20,android,paid_social,false
U000955,2025-09-30,android,press,false
U000956,2025-12-15,android,paid_social,false
U000957,2026-01-18,android,organic,false
U000958,2025-09-16,android,paid_social,false
U000959,2026-01-06,ios,organic,false
U000960,2026-05-25,android,organic,false
U000961,2025-09-05,ios,press,false
U000962,2026-01-16,ios,referral,false
U000963,2026-03-29,android,organic,false
U000964,2025-11-06,ios,referral,false
U000965,2025-09-21,ios,organic,false
U000966,2025-12-04,ios,organic,false
U000967,2025-09-11,ios,referral,false
U000968,2025-11-09,android,organic,false
U000969,2026-03-11,android,referral,false
U000970,2026-04-16,android,organic,false
U000971,2025-12-15,android,organic,false
U000972,2026-02-07,android,referral,false
U000973,2026-04-13,android,press,false
U000974,2026-01-08,android,paid_social,false
U000975,2026-01-24,android,organic,false
U000976,2026-03-21,ios,organic,false
U000977,2026-01-24,android,organic,false
U000978,2026-01-15,ios,press,false
U000979,2026-04-07,ios,press,false
U000980,2026-02-20,ios,organic,false
U000981,2026-05-26,ios,press,false
U000982,2025-09-24,ios,referral,false
U000983,2026-02-21,android,referral,false
U000984,2025-11-06,android,referral,false
U000985,2025-10-02,android,organic,false
U000986,2026-05-26,android,press,false
U000987,2026-03-23,ios,referral,false
U000988,2025-11-13,android,paid_social,false
U000989,2026-05-01,android,organic,false
U000990,2026-01-09,ios,referral,false
U000991,2025-10-01,ios,organic,false
U000992,2026-02-21,android,organic,false
U000993,2026-01-26,ios,organic,false
U000994,2025-10-03,android,organic,false
U000995,2026-04-23,ios,organic,false
U000996,2025-11-26,ios,organic,false
U000997,2026-03-03,android,organic,false
U000998,2025-12-21,ios,organic,false
U000999,2025-10-04,ios,paid_social,false
U001000,2025-12-31,ios,organic,false
U001001,2025-10-15,android,organic,false
U001002,2026-05-04,android,press,false
U001003,2025-11-04,android,referral,false
U001004,2025-11-02,android,press,false
U001005,2025-12-08,android,press,false
U001006,2026-04-05,ios,paid_social,false
U001007,2026-04-02,ios,organic,false
U001008,2025-12-21,ios,paid_social,false
U001009,2026-04-29,ios,referral,false
U001010,2026-03-27,ios,organic,false
U001011,2025-12-26,ios,organic,false
U001012,2026-01-16,ios,paid_social,false
U001013,2026-04-04,android,paid_social,false
U001014,2025-10-09,ios,press,false
U001015,2025-12-04,android,paid_social,false
U001016,2026-01-16,ios,organic,false
U001017,2026-04-09,android,organic,false
U001018,2026-02-18,android,organic,false
U001019,2026-04-28,android,paid_social,false
U001020,2025-12-10,ios,organic,false
U001021,2025-11-06,android,organic,false
U001022,2025-09-27,ios,paid_social,false
U001023,2025-11-24,ios,referral,false
U001024,2026-03-30,android,paid_social,false
U001025,2026-02-19,android,organic,false
U001026,2026-02-18,ios,organic,false
U001027,2025-09-04,android,organic,false
U001028,2025-09-19,android,paid_social,false
U001029,2026-05-28,android,organic,false
U001030,2025-10-06,android,organic,false
U001031,2025-11-06,android,organic,false
U001032,2025-10-13,android,referral,false
U001033,2026-03-31,ios,organic,false
U001034,2026-03-26,ios,organic,false
U001035,2025-09-02,android,organic,false
U001036,2025-11-13,ios,organic,false
U001037,2025-10-24,android,organic,false
U001038,2026-01-31,android,organic,false
U001039,2026-03-30,ios,paid_social,false
U001040,2026-03-31,ios,referral,false
U001041,2025-12-31,ios,organic,false
U001042,2025-11-21,ios,paid_social,false
U001043,2026-05-22,ios,organic,false
U001044,2026-01-31,android,referral,false
U001045,2026-01-06,android,paid_social,false
U001046,2025-10-11,android,organic,false
U001047,2025-12-07,android,organic,false
U001048,2026-05-22,android,organic,false
U001049,2026-04-08,ios,paid_social,false
U001050,2026-01-31,ios,organic,false
U001051,2025-10-26,android,organic,false
U001052,2025-12-13,android,paid_social,false
U001053,2026-02-26,android,organic,false
U001054,2025-11-03,android,paid_social,false
U001055,2025-10-08,android,organic,false
U001056,2025-12-18,android,organic,false
U001057,2025-09-13,android,organic,false
U001058,2025-12-06,android,organic,false
U001059,2026-04-22,android,referral,false
U001060,2026-03-25,ios,press,false
U001061,2026-04-30,android,organic,false
U001062,2026-03-11,android,paid_social,false
U001063,2025-10-22,android,organic,false
U001064,2026-03-01,ios,referral,false
U001065,2025-12-02,ios,press,false
U001066,2026-05-28,android,referral,false
U001067,2026-01-02,ios,organic,false
U001068,2025-10-12,ios,paid_social,false
U001069,2026-03-13,android,organic,false
U001070,2025-09-22,android,paid_social,false
U001071,2026-01-23,android,paid_social,false
U001072,2025-11-21,ios,referral,false
U001073,2025-12-25,android,organic,false
U001074,2026-04-03,android,referral,false
U001075,2025-11-28,ios,paid_social,false
U001076,2026-01-21,android,press,false
U001077,2026-01-11,android,organic,false
U001078,2026-01-17,android,organic,false
U001079,2025-09-23,android,organic,false
U001080,2026-01-28,android,paid_social,false
U001081,2026-01-13,android,organic,false
U001082,2026-01-04,android,paid_social,false
U001083,2026-05-28,android,referral,false
U001084,2025-11-26,android,organic,false
U001085,2026-03-20,android,referral,false
U001086,2025-11-11,ios,organic,false
U001087,2025-12-21,ios,organic,false
U001088,2025-12-18,ios,organic,false
U001089,2025-10-04,ios,referral,false
U001090,2025-09-16,android,press,false
U001091,2026-01-28,ios,organic,false
U001092,2026-01-23,ios,organic,false
U001093,2026-05-16,ios,organic,false
U001094,2025-11-28,ios,organic,false
U001095,2026-05-06,ios,organic,false
U001096,2025-10-17,ios,organic,false
U001097,2025-10-23,ios,organic,false
U001098,2025-09-24,ios,organic,false
U001099,2025-10-13,ios,referral,false
U001100,2026-04-01,ios,organic,false
U001101,2026-05-07,ios,organic,false
U001102,2025-09-17,android,organic,false
U001103,2025-12-21,ios,paid_social,false
U001104,2026-04-06,android,organic,false
U001105,2026-02-20,ios,organic,false
U001106,2026-04-02,android,organic,false
U001107,2026-02-02,android,organic,false
U001108,2025-10-08,android,organic,false
U001109,2025-10-05,ios,paid_social,false
U001110,2025-12-12,android,referral,false
U001111,2026-04-02,ios,referral,false
U001112,2025-10-07,ios,referral,false
U001113,2026-01-12,ios,press,false
U001114,2026-01-02,ios,referral,false
U001115,2025-09-07,ios,paid_social,false
U001116,2026-02-23,ios,organic,false
U001117,2025-10-01,android,organic,false
U001118,2026-04-23,android,paid_social,false
U001119,2026-04-04,ios,paid_social,false
U001120,2026-02-28,ios,organic,false
U001121,2026-02-01,android,referral,false
U001122,2026-01-30,ios,organic,false
U001123,2025-11-29,android,organic,false
U001124,2026-05-10,android,paid_social,false
U001125,2026-05-25,ios,organic,false
U001126,2025-10-09,android,organic,false
U001127,2025-10-22,ios,paid_social,false
U001128,2025-10-25,ios,organic,false
U001129,2026-01-07,ios,organic,false
U001130,2026-03-15,android,organic,false
U001131,2026-02-09,android,paid_social,false
U001132,2025-11-29,android,organic,false
U001133,2025-09-21,ios,organic,false
U001134,2025-11-18,ios,referral,false
U001135,2025-09-17,android,press,false
U001136,2026-02-26,ios,organic,false
U001137,2026-03-20,ios,press,false
U001138,2026-01-22,ios,press,false
U001139,2025-09-30,ios,organic,false
U001140,2026-02-05,android,organic,false
U001141,2026-04-28,ios,organic,false
U001142,2025-11-07,android,paid_social,false
U001143,2025-12-02,android,referral,false
U001144,2025-10-22,android,paid_social,false
U001145,2026-01-09,android,organic,false
U001146,2025-10-19,ios,organic,false
U001147,2025-09-22,android,paid_social,false
U001148,2025-12-26,android,organic,false
U001149,2026-04-21,android,organic,false
U001150,2025-11-07,android,paid_social,false
U001151,2026-01-31,android,referral,false
U001152,2025-12-01,android,referral,false
U001153,2026-02-19,ios,organic,false
U001154,2025-09-11,android,organic,false
U001155,2025-10-07,android,referral,false
U001156,2026-03-19,ios,organic,false
U001157,2026-01-17,ios,organic,false
U001158,2026-02-16,ios,organic,false
U001159,2025-10-14,android,organic,false
U001160,2026-01-22,ios,organic,false
U001161,2025-12-14,ios,paid_social,false
U001162,2026-01-20,android,paid_social,false
U001163,2025-10-28,android,organic,false
U001164,2025-10-22,ios,organic,false
U001165,2026-04-16,android,press,false
U001166,2026-02-27,android,referral,false
U001167,2026-05-23,android,press,false
U001168,2025-09-03,ios,organic,false
U001169,2026-03-22,ios,referral,false
U001170,2025-09-20,android,organic,false
U001171,2025-11-18,android,press,false
U001172,2025-11-08,android,referral,false
U001173,2025-12-06,ios,referral,false
U001174,2025-10-10,ios,referral,false
U001175,2025-12-24,android,paid_social,false
U001176,2025-12-28,ios,paid_social,false
U001177,2026-02-24,ios,press,false
U001178,2025-09-07,ios,referral,false
U001179,2026-02-27,ios,organic,false
U001180,2026-01-16,android,organic,false
U001181,2026-02-06,ios,organic,false
U001182,2026-03-30,android,press,false
U001183,2026-03-01,ios,paid_social,false
U001184,2026-04-15,android,press,false
U001185,2026-04-25,android,organic,false
U001186,2025-11-17,ios,organic,false
U001187,2025-12-07,android,organic,false
U001188,2026-01-02,android,organic,false
U001189,2026-01-26,android,organic,false
U001190,2025-10-28,android,referral,false
U001191,2025-09-07,android,paid_social,false
U001192,2026-02-02,ios,organic,false
U001193,2026-01-08,ios,paid_social,false
U001194,2025-11-13,android,organic,false
U001195,2026-02-19,ios,paid_social,false
U001196,2026-05-20,ios,press,false
U001197,2025-12-29,android,organic,false
U001198,2025-10-25,android,referral,false
U001199,2026-02-25,android,organic,false
U001200,2025-11-26,android,organic,false
U001201,2026-01-20,android,organic,false
U001202,2026-01-28,android,organic,false
U001203,2025-12-30,android,organic,false
U001204,2026-01-27,android,paid_social,false
U001205,2026-02-15,ios,press,false
U001206,2026-04-22,android,paid_social,false
U001207,2025-09-21,ios,referral,false
U001208,2026-05-15,ios,press,false
U001209,2025-12-20,android,organic,false
U001210,2025-09-22,ios,organic,false
U001211,2025-11-11,android,organic,false
U001212,2025-10-26,android,organic,false
U001213,2026-01-11,ios,paid_social,false
U001214,2025-10-15,android,organic,false
U001215,2026-01-06,android,organic,false
U001216,2026-02-13,android,organic,false
U001217,2026-02-24,ios,press,false
U001218,2025-09-12,ios,organic,false
U001219,2026-01-04,ios,referral,false
U001220,2025-12-14,ios,paid_social,false
U001221,2026-02-09,android,referral,false
U001222,2026-03-16,android,press,false
U001223,2025-11-21,android,organic,false
U001224,2026-03-01,ios,paid_social,false
U001225,2025-09-24,ios,organic,false
U001226,2026-04-03,ios,paid_social,false
U001227,2026-01-26,android,organic,false
U001228,2025-09-28,android,press,false
U001229,2026-01-07,android,organic,false
U001230,2026-05-20,ios,organic,false
U001231,2025-10-09,android,press,false
U001232,2025-10-19,android,organic,false
U001233,2025-10-19,ios,organic,false
U001234,2026-02-05,ios,organic,false
U001235,2026-02-03,ios,organic,false
U001236,2025-09-08,android,organic,false
U001237,2026-05-27,android,referral,false
U001238,2025-11-26,ios,organic,false
U001239,2025-10-08,ios,press,false
U001240,2025-11-25,ios,paid_social,false
U001241,2026-02-01,ios,press,false
U001242,2026-01-18,ios,organic,false
U001243,2025-10-31,android,paid_social,false
U001244,2026-05-22,ios,organic,false
U001245,2025-09-07,android,press,false
U001246,2025-11-26,ios,organic,false
U001247,2026-05-04,android,paid_social,false
U001248,2025-09-15,android,organic,false
U001249,2026-03-02,android,organic,false
U001250,2026-04-06,ios,referral,false
U001251,2026-03-22,ios,organic,false
U001252,2026-05-11,ios,referral,false
U001253,2026-04-16,android,organic,false
U001254,2025-11-24,android,organic,false
U001255,2026-02-17,ios,press,false
U001256,2025-12-23,ios,organic,false
U001257,2026-01-07,android,paid_social,false
U001258,2026-02-01,android,paid_social,false
U001259,2026-02-02,android,organic,false
U001260,2025-10-15,ios,organic,false
U001261,2025-11-09,ios,paid_social,false
U001262,2025-12-25,android,organic,false
U001263,2025-12-23,android,organic,false
U001264,2026-04-10,ios,paid_social,false
U001265,2025-09-03,android,referral,false
U001266,2026-03-01,ios,organic,false
U001267,2025-09-08,ios,referral,false
U001268,2025-11-03,android,press,false
U001269,2026-04-02,android,organic,false
U001270,2026-01-26,ios,organic,false
U001271,2025-09-23,android,paid_social,false
U001272,2025-10-12,android,referral,false
U001273,2026-05-09,android,referral,false
U001274,2025-11-26,ios,paid_social,false
U001275,2025-10-03,android,organic,false
U001276,2026-01-25,android,paid_social,false
U001277,2025-12-01,ios,organic,false
U001278,2026-03-19,android,organic,false
U001279,2026-04-30,android,organic,false
U001280,2026-02-09,ios,organic,false
U001281,2026-04-02,android,press,false
U001282,2025-10-05,ios,organic,false
U001283,2025-12-16,ios,organic,false
U001284,2025-09-25,android,organic,false
U001285,2025-09-12,ios,referral,false
U001286,2026-03-19,android,organic,false
U001287,2025-11-06,android,referral,false
U001288,2025-09-24,ios,paid_social,false
U001289,2026-03-06,ios,organic,false
U001290,2025-09-09,ios,referral,false
U001291,2026-05-16,android,paid_social,false
U001292,2025-09-17,android,organic,false
U001293,2025-11-25,ios,press,false
U001294,2025-11-15,ios,paid_social,false
U001295,2026-04-01,android,organic,false
U001296,2026-02-24,android,referral,false
U001297,2025-10-19,ios,organic,false
U001298,2025-10-13,ios,press,false
U001299,2025-11-28,android,organic,false
U001300,2025-12-03,android,organic,false
U001301,2026-02-15,ios,organic,false
U001302,2025-11-03,android,organic,false
U001303,2026-03-27,android,organic,false
U001304,2026-01-02,android,organic,false
U001305,2026-02-06,android,paid_social,false
U001306,2026-04-11,android,organic,false
U001307,2026-02-06,ios,organic,false
U001308,2025-09-05,android,referral,false
U001309,2026-03-04,android,organic,false
U001310,2026-05-25,android,organic,false
U001311,2026-03-17,android,referral,false
U001312,2025-11-18,ios,paid_social,false
U001313,2026-05-08,ios,organic,false
U001314,2026-01-22,android,paid_social,false
U001315,2026-05-01,ios,paid_social,false
U001316,2025-09-19,ios,paid_social,false
U001317,2026-02-08,android,organic,false
U001318,2025-11-24,android,organic,false
U001319,2025-12-07,android,organic,false
U001320,2026-02-19,android,referral,false
U001321,2026-03-14,android,paid_social,false
U001322,2026-02-25,ios,organic,false
U001323,2025-09-07,android,referral,false
U001324,2026-04-30,ios,paid_social,false
U001325,2025-10-27,ios,paid_social,false
U001326,2026-01-09,android,paid_social,false
U001327,2025-12-23,android,referral,false
U001328,2025-09-21,ios,organic,false
U001329,2026-03-22,android,organic,false
U001330,2026-05-15,ios,paid_social,false
U001331,2025-10-04,android,press,false
U001332,2026-02-28,android,organic,false
U001333,2026-05-19,ios,paid_social,false
U001334,2025-11-02,ios,organic,false
U001335,2026-03-26,android,organic,false
U001336,2025-09-02,android,organic,false
U001337,2025-09-28,ios,paid_social,false
U001338,2026-04-14,ios,paid_social,false
U001339,2026-05-02,ios,referral,false
U001340,2025-11-04,android,organic,false
U001341,2026-02-17,ios,organic,false
U001342,2026-05-24,android,organic,false
U001343,2026-05-02,android,organic,false
U001344,2025-09-25,android,referral,false
U001345,2026-01-25,android,organic,false
U001346,2025-11-21,ios,paid_social,false
U001347,2026-04-12,ios,organic,false
U001348,2026-02-14,ios,referral,false
U001349,2026-03-08,ios,paid_social,false
U001350,2026-04-08,ios,paid_social,false
U001351,2026-05-26,ios,organic,false
U001352,2026-03-27,ios,organic,false
U001353,2025-11-30,ios,paid_social,false
U001354,2025-10-31,android,paid_social,false
U001355,2026-04-13,android,organic,false
U001356,2025-11-25,ios,organic,false
U001357,2026-04-17,android,organic,false
U001358,2026-05-25,ios,press,false
U001359,2025-11-12,ios,organic,false
U001360,2025-10-17,android,paid_social,false
U001361,2026-05-21,ios,organic,false
U001362,2026-02-10,android,paid_social,false
U001363,2026-02-15,ios,referral,false
U001364,2025-11-15,android,referral,false
U001365,2026-04-16,android,paid_social,false
U001366,2026-05-26,ios,press,false
U001367,2026-01-11,ios,organic,false
U001368,2026-01-05,android,paid_social,false
U001369,2026-02-16,ios,organic,false
U001370,2025-09-14,ios,organic,false
U001371,2025-09-20,android,paid_social,false
U001372,2026-03-15,ios,press,false
U001373,2026-01-13,android,organic,false
U001374,2026-01-21,android,organic,false
U001375,2025-12-28,android,organic,false
U001376,2026-04-28,android,organic,false
U001377,2026-05-23,android,organic,false
U001378,2025-10-23,android,paid_social,false
U001379,2026-04-08,android,referral,false
U001380,2025-09-29,android,paid_social,false
U001381,2026-01-04,android,organic,false
U001382,2025-10-18,ios,paid_social,false
U001383,2025-11-04,android,organic,false
U001384,2026-02-09,ios,organic,false
U001385,2026-05-25,ios,paid_social,false
U001386,2026-03-15,android,paid_social,false
U001387,2025-09-25,android,paid_social,false
U001388,2026-03-19,android,organic,false
U001389,2026-04-20,android,organic,false
U001390,2025-10-31,android,referral,false
U001391,2025-09-26,android,referral,false
U001392,2026-04-01,ios,referral,false
U001393,2026-05-17,ios,referral,false
U001394,2025-10-17,android,organic,false
U001395,2025-12-13,ios,organic,false
U001396,2026-03-16,android,paid_social,false
U001397,2026-05-13,ios,organic,false
U001398,2025-10-30,ios,organic,false
U001399,2025-09-26,android,paid_social,false
U001400,2025-09-30,ios,organic,false
U001401,2025-12-28,android,paid_social,false
U001402,2026-01-14,android,organic,false
U001403,2026-04-11,ios,organic,false
U001404,2025-09-11,android,referral,false
U001405,2026-03-02,ios,organic,false
U001406,2026-02-16,android,organic,false
U001407,2025-12-05,ios,press,false
U001408,2026-05-27,ios,press,false
U001409,2026-05-07,ios,organic,false
U001410,2026-05-15,android,organic,false
U001411,2026-04-17,android,organic,false
U001412,2025-10-21,android,paid_social,false
U001413,2026-02-23,ios,paid_social,false
U001414,2026-05-09,ios,organic,false
U001415,2025-11-30,android,press,false
U001416,2026-03-04,android,organic,false
U001417,2026-03-03,android,press,false
U001418,2026-01-29,android,organic,false
U001419,2025-11-03,ios,organic,false
U001420,2025-09-27,android,paid_social,false
U001421,2026-04-07,ios,paid_social,false
U001422,2026-01-01,android,organic,false
U001423,2025-12-13,ios,paid_social,false
U001424,2025-12-26,ios,paid_social,false
U001425,2025-10-25,ios,organic,false
U001426,2025-11-01,android,referral,false
U001427,2026-03-23,ios,organic,false
U001428,2026-04-26,ios,organic,false
U001429,2025-10-25,android,paid_social,false
U001430,2025-12-28,ios,organic,false
U001431,2026-04-20,ios,paid_social,false
U001432,2025-09-13,ios,organic,false
U001433,2025-09-24,ios,organic,false
U001434,2026-03-05,android,referral,false
U001435,2026-02-12,android,organic,false
U001436,2026-03-09,ios,organic,false
U001437,2026-01-15,ios,organic,false
U001438,2026-05-25,android,press,false
U001439,2026-04-02,android,organic,false
U001440,2025-11-16,android,organic,false
U001441,2026-04-12,ios,press,false
U001442,2026-02-02,ios,press,false
U001443,2026-04-11,ios,organic,false
U001444,2025-11-28,ios,organic,false
U001445,2025-10-27,android,referral,false
U001446,2026-05-02,android,paid_social,false
U001447,2026-02-22,android,organic,false
U001448,2026-03-30,ios,organic,false
U001449,2025-10-18,android,organic,false
U001450,2026-01-21,ios,paid_social,false
U001451,2026-03-21,ios,press,false
U001452,2025-10-18,ios,paid_social,false
U001453,2026-02-06,ios,organic,false
U001454,2026-05-24,android,paid_social,false
U001455,2026-02-24,android,paid_social,false
U001456,2026-03-26,ios,organic,false
U001457,2026-02-28,android,referral,false
U001458,2026-02-15,android,organic,false
U001459,2025-10-27,ios,referral,false
U001460,2026-04-26,ios,paid_social,false
U001461,2026-01-10,android,paid_social,false
U001462,2026-04-08,android,organic,false
U001463,2025-12-17,android,press,false
U001464,2025-11-04,android,organic,false
U001465,2025-09-27,android,paid_social,false
U001466,2025-10-22,android,paid_social,false
U001467,2025-10-16,ios,organic,false
U001468,2025-10-24,ios,organic,false
U001469,2025-12-08,ios,press,false
U001470,2025-09-25,ios,paid_social,false
U001471,2026-02-22,android,organic,false
U001472,2025-10-09,android,organic,false
U001473,2026-01-08,android,organic,false
U001474,2026-01-01,android,referral,false
U001475,2025-09-20,ios,organic,false
U001476,2026-01-18,android,paid_social,false
U001477,2025-11-29,android,organic,false
U001478,2025-09-23,android,paid_social,false
U001479,2025-10-08,ios,organic,false
U001480,2026-03-08,android,organic,false
U001481,2025-11-11,android,press,false
U001482,2026-01-19,android,paid_social,false
U001483,2026-01-20,ios,organic,false
U001484,2025-12-26,ios,paid_social,false
U001485,2025-11-03,ios,paid_social,false
U001486,2026-05-25,ios,organic,false
U001487,2025-12-16,ios,organic,false
U001488,2025-11-16,ios,organic,false
U001489,2025-09-04,ios,organic,false
U001490,2026-04-02,ios,paid_social,false
U001491,2026-03-29,ios,organic,false
U001492,2026-05-07,android,organic,false
U001493,2026-05-10,ios,organic,false
U001494,2025-11-23,ios,organic,false
U001495,2026-02-17,android,organic,false
U001496,2025-11-04,ios,referral,false
U001497,2026-05-11,ios,paid_social,false
U001498,2026-04-17,ios,organic,false
U001499,2026-04-16,ios,organic,false
U001500,2025-12-11,ios,paid_social,false
U001501,2026-02-06,ios,organic,false
U001502,2026-05-10,ios,organic,false
U001503,2025-09-20,android,organic,false
U001504,2025-09-24,ios,organic,false
U001505,2025-09-30,android,organic,false
U001506,2026-01-30,android,paid_social,false
U001507,2026-05-05,ios,organic,false
U001508,2026-03-28,android,press,false
U001509,2025-11-03,android,organic,false
U001510,2025-11-22,ios,press,false
U001511,2026-02-22,android,organic,false
U001512,2025-12-16,android,organic,false
U001513,2025-11-06,android,organic,false
U001514,2026-04-15,android,press,false
U001515,2026-03-29,android,organic,false
U001516,2026-03-19,android,press,false
U001517,2025-11-04,ios,organic,false
U001518,2025-12-26,ios,organic,false
U001519,2026-04-08,android,organic,false
U001520,2025-09-13,ios,referral,false
U001521,2025-09-11,android,organic,false
U001522,2025-11-28,android,organic,false
U001523,2026-01-26,android,organic,false
U001524,2026-03-08,ios,press,false
U001525,2025-12-03,android,organic,false
U001526,2026-02-22,ios,referral,false
U001527,2025-09-19,android,referral,false
U001528,2025-11-03,android,organic,false
U001529,2026-02-11,android,organic,false
U001530,2026-01-03,android,organic,false
U001531,2026-03-16,android,organic,false
U001532,2025-09-29,android,paid_social,false
U001533,2026-01-16,android,organic,false
U001534,2026-01-26,ios,referral,false
U001535,2025-11-26,ios,press,false
U001536,2026-02-28,android,organic,false
U001537,2025-11-18,android,organic,false
U001538,2025-09-11,android,referral,false
U001539,2026-04-07,android,organic,false
U001540,2025-09-17,ios,press,false
U001541,2025-09-03,android,organic,false
U001542,2025-10-09,android,referral,false
U001543,2026-04-23,ios,organic,false
U001544,2025-12-13,android,organic,false
U001545,2025-10-09,ios,organic,false
U001546,2026-03-21,ios,press,false
U001547,2025-09-16,android,referral,false
U001548,2025-11-20,android,organic,false
U001549,2026-05-10,ios,organic,false
U001550,2026-03-22,ios,referral,false
U001551,2025-10-18,ios,referral,false
U001552,2025-12-08,android,referral,false
U001553,2025-09-08,ios,press,false
U001554,2025-10-22,android,organic,false
U001555,2026-02-04,android,press,false
U001556,2026-02-06,android,press,false
U001557,2025-09-02,android,organic,false
U001558,2025-09-22,android,referral,false
U001559,2026-02-05,android,organic,false
U001560,2025-12-31,android,paid_social,false
U001561,2025-10-07,ios,paid_social,false
U001562,2025-10-06,android,paid_social,false
U001563,2026-02-21,android,paid_social,false
U001564,2025-10-28,ios,organic,false
U001565,2026-02-08,android,organic,false
U001566,2026-01-29,ios,organic,false
U001567,2025-11-14,ios,press,false
U001568,2025-09-13,android,paid_social,false
U001569,2026-05-26,android,paid_social,false
U001570,2025-12-03,android,press,false
U001571,2025-11-15,ios,referral,false
U001572,2026-01-20,android,organic,false
U001573,2025-10-12,android,paid_social,false
U001574,2025-09-28,ios,paid_social,false
U001575,2026-05-08,android,paid_social,false
U001576,2025-11-15,android,organic,false
U001577,2026-05-26,android,referral,false
U001578,2026-03-13,ios,referral,false
U001579,2026-05-17,android,organic,false
U001580,2025-09-09,android,organic,false
U001581,2025-10-30,android,paid_social,false
U001582,2026-01-28,ios,organic,false
U001583,2025-12-07,android,paid_social,false
U001584,2026-05-10,android,press,false
U001585,2026-03-25,ios,organic,false
U001586,2025-12-02,android,organic,false
U001587,2025-09-04,android,organic,false
U001588,2026-05-21,android,press,false
U001589,2025-11-21,ios,organic,false
U001590,2025-12-29,android,organic,false
U001591,2026-03-13,android,paid_social,false
U001592,2026-04-20,ios,press,false
U001593,2025-09-28,android,organic,false
U001594,2026-04-20,android,paid_social,false
U001595,2026-04-15,android,organic,false
U001596,2026-01-13,ios,organic,false
U001597,2025-10-16,android,organic,false
U001598,2026-03-21,android,paid_social,false
U001599,2025-10-17,android,referral,false
U001600,2025-09-12,android,press,false
U001601,2026-02-23,ios,organic,false
U001602,2026-01-05,ios,organic,false
U001603,2025-09-29,android,referral,false
U001604,2026-03-06,ios,paid_social,false
U001605,2026-03-03,android,paid_social,false
U001606,2026-02-16,ios,paid_social,false
U001607,2025-12-17,android,paid_social,false
U001608,2025-11-28,android,press,false
U001609,2025-11-10,ios,paid_social,false
U001610,2025-09-25,ios,press,false
U001611,2026-02-27,android,organic,false
U001612,2025-09-30,ios,organic,false
U001613,2026-04-13,android,paid_social,false
U001614,2026-04-05,ios,referral,false
U001615,2026-04-02,android,paid_social,false
U001616,2025-11-04,android,press,false
U001617,2026-03-16,android,organic,false
U001618,2026-03-28,android,organic,false
U001619,2026-03-09,android,organic,false
U001620,2025-10-20,android,paid_social,false
U001621,2026-04-23,ios,organic,false
U001622,2026-02-13,ios,paid_social,false
U001623,2025-12-02,ios,referral,false
U001624,2026-03-03,ios,organic,false
U001625,2025-10-17,ios,paid_social,false
U001626,2025-11-15,ios,organic,false
U001627,2025-09-02,ios,press,false
U001628,2026-02-12,android,paid_social,false
U001629,2025-11-18,ios,paid_social,false
U001630,2026-04-13,ios,organic,false
U001631,2026-05-17,android,organic,false
U001632,2025-12-11,ios,organic,false
U001633,2026-03-13,ios,paid_social,false
U001634,2025-11-19,android,organic,false
U001635,2025-12-08,android,organic,false
U001636,2025-10-11,android,organic,false
U001637,2026-05-07,ios,organic,false
U001638,2025-09-24,android,organic,false
U001639,2025-11-15,android,referral,false
U001640,2026-04-15,android,referral,false
U001641,2025-10-13,ios,organic,false
U001642,2026-04-12,ios,organic,false
U001643,2026-04-10,android,paid_social,false
U001644,2025-09-23,ios,paid_social,false
U001645,2025-09-30,ios,organic,false
U001646,2025-09-13,android,organic,false
U001647,2025-10-20,android,organic,false
U001648,2025-11-13,ios,organic,false
U001649,2026-01-05,ios,organic,false
U001650,2026-05-19,ios,organic,false
U001651,2026-05-24,ios,organic,false
U001652,2025-12-08,ios,paid_social,false
U001653,2026-01-07,ios,organic,false
U001654,2026-03-17,ios,referral,false
U001655,2025-11-14,android,referral,false
U001656,2025-10-11,ios,organic,false
U001657,2026-01-26,ios,paid_social,false
U001658,2025-10-25,android,referral,false
U001659,2026-02-17,ios,organic,false
U001660,2026-03-31,android,paid_social,false
U001661,2026-02-01,ios,press,false
U001662,2026-01-25,ios,organic,false
U001663,2026-05-27,android,organic,false
U001664,2026-01-20,ios,organic,false
U001665,2025-09-25,android,referral,false
U001666,2026-03-11,ios,referral,false
U001667,2025-11-16,android,organic,false
U001668,2025-11-12,ios,organic,false
U001669,2025-11-17,android,organic,false
U001670,2026-02-04,ios,organic,false
U001671,2026-01-07,android,organic,false
U001672,2026-05-08,android,organic,false
U001673,2026-02-21,android,press,false
U001674,2026-03-26,ios,paid_social,false
U001675,2026-03-01,android,organic,false
U001676,2026-02-20,ios,press,false
U001677,2026-01-23,ios,organic,false
U001678,2026-04-09,android,organic,false
U001679,2025-12-11,ios,referral,false
U001680,2025-10-15,android,referral,false
U001681,2025-11-20,android,paid_social,false
U001682,2026-03-19,ios,paid_social,false
U001683,2025-11-23,ios,referral,false
U001684,2026-02-02,ios,organic,false
U001685,2026-05-05,ios,paid_social,false
U001686,2026-04-04,ios,organic,false
U001687,2025-12-02,ios,organic,false
U001688,2025-10-09,ios,organic,false
U001689,2026-04-02,ios,referral,false
U001690,2026-02-28,android,organic,false
U001691,2026-01-19,android,organic,false
U001692,2025-12-24,android,organic,false
U001693,2026-04-17,android,organic,false
U001694,2026-04-16,android,organic,false
U001695,2025-12-02,android,organic,false
U001696,2026-05-03,ios,referral,false
U001697,2026-04-22,ios,press,false
U001698,2026-02-02,android,organic,false
U001699,2025-12-13,android,organic,false
U001700,2026-04-19,android,organic,false
U001701,2025-09-12,ios,organic,false
U001702,2026-01-26,android,organic,false
U001703,2026-01-16,android,referral,false
U001704,2025-09-20,ios,paid_social,false
U001705,2025-11-24,ios,organic,false
U001706,2025-12-20,ios,press,false
U001707,2025-12-26,ios,paid_social,false
U001708,2026-01-27,ios,organic,false
U001709,2025-10-16,ios,paid_social,false
U001710,2025-09-07,ios,press,false
U001711,2026-03-01,ios,organic,false
U001712,2026-01-30,android,referral,false
U001713,2026-04-02,ios,paid_social,false
U001714,2025-12-09,ios,organic,false
U001715,2025-11-06,ios,referral,false
U001716,2026-01-13,android,paid_social,false
U001717,2026-01-24,android,press,false
U001718,2026-02-27,ios,press,false
U001719,2025-12-12,ios,organic,false
U001720,2025-11-13,ios,organic,false
U001721,2025-12-05,ios,paid_social,false
U001722,2025-09-20,ios,paid_social,false
U001723,2026-05-03,android,paid_social,false
U001724,2025-10-14,android,referral,false
U001725,2026-05-27,android,paid_social,false
U001726,2026-02-01,ios,organic,false
U001727,2025-09-24,ios,organic,false
U001728,2026-05-07,android,organic,false
U001729,2025-12-04,ios,organic,false
U001730,2026-05-24,ios,organic,false
U001731,2025-09-10,android,press,false
U001732,2026-05-22,ios,organic,false
U001733,2025-09-26,android,referral,false
U001734,2025-10-21,android,paid_social,false
U001735,2026-04-18,android,organic,false
U001736,2025-10-11,android,referral,false
U001737,2025-12-25,android,paid_social,false
U001738,2025-11-13,android,referral,false
U001739,2026-02-12,android,organic,false
U001740,2025-10-25,android,organic,false
U001741,2026-04-05,android,paid_social,false
U001742,2026-04-07,android,referral,false
U001743,2026-04-23,android,organic,false
U001744,2025-11-03,ios,organic,false
U001745,2025-11-14,android,press,false
U001746,2026-02-07,android,organic,false
U001747,2025-12-15,ios,organic,false
U001748,2025-12-13,ios,organic,false
U001749,2026-05-26,android,organic,false
U001750,2025-09-15,ios,organic,false
U001751,2026-05-05,ios,organic,false
U001752,2025-12-10,ios,organic,false
U001753,2026-02-21,ios,organic,false
U001754,2026-03-08,android,organic,false
U001755,2025-12-22,android,paid_social,false
U001756,2025-09-05,android,organic,false
U001757,2026-04-07,android,organic,false
U001758,2025-10-05,android,organic,false
U001759,2025-09-22,ios,referral,false
U001760,2026-04-06,ios,referral,false
U001761,2025-11-06,android,paid_social,false
U001762,2025-12-20,ios,press,false
U001763,2025-12-23,ios,organic,false
U001764,2026-05-20,android,organic,false
U001765,2025-12-15,ios,organic,false
U001766,2025-09-27,android,organic,false
U001767,2026-05-15,android,press,false
U001768,2025-11-22,android,referral,false
U001769,2025-12-25,ios,paid_social,false
U001770,2025-10-20,ios,paid_social,false
U001771,2025-10-11,ios,paid_social,false
U001772,2025-10-13,ios,referral,false
U001773,2025-09-02,android,referral,false
U001774,2025-12-26,android,organic,false
U001775,2026-05-27,android,organic,false
U001776,2025-09-30,android,organic,false
U001777,2025-12-23,android,paid_social,false
U001778,2025-11-28,ios,referral,false
U001779,2026-04-26,ios,organic,false
U001780,2026-05-19,ios,organic,false
U001781,2026-01-19,android,organic,false
U001782,2026-03-21,android,organic,false
U001783,2026-05-10,android,referral,false
U001784,2025-10-18,ios,paid_social,false
U001785,2026-04-28,ios,organic,false
U001786,2026-01-05,android,paid_social,false
U001787,2026-01-26,android,paid_social,false
U001788,2025-12-02,android,organic,false
U001789,2025-10-01,ios,paid_social,false
U001790,2025-12-15,android,organic,false
U001791,2026-02-01,android,referral,false
U001792,2025-11-09,ios,organic,false
U001793,2026-03-29,ios,organic,false
U001794,2026-01-31,android,organic,false
U001795,2026-04-15,ios,paid_social,false
U001796,2026-04-28,android,organic,false
U001797,2026-04-14,ios,referral,false
U001798,2026-05-22,ios,organic,false
U001799,2025-10-08,ios,press,false
U001800,2026-02-04,ios,organic,false
U001801,2025-09-08,ios,paid_social,false
U001802,2026-01-23,ios,paid_social,false
U001803,2026-03-24,ios,press,false
U001804,2025-11-28,ios,paid_social,false
U001805,2026-05-10,android,paid_social,false
U001806,2025-12-27,ios,paid_social,false
U001807,2025-11-25,ios,paid_social,false
U001808,2025-12-01,ios,organic,false
U001809,2026-04-01,android,organic,false
U001810,2025-11-14,android,paid_social,false
U001811,2025-12-25,android,organic,false
U001812,2025-10-26,ios,organic,false
U001813,2025-11-08,android,paid_social,false
U001814,2026-03-14,android,organic,false
U001815,2026-03-04,android,press,false
U001816,2026-03-30,ios,organic,false
U001817,2025-12-17,ios,organic,false
U001818,2025-09-08,ios,organic,false
U001819,2026-04-17,android,organic,false
U001820,2026-03-03,android,press,false
U001821,2026-05-18,android,referral,false
U001822,2026-02-19,ios,organic,false
U001823,2025-12-28,android,organic,false
U001824,2025-11-12,ios,organic,false
U001825,2025-12-06,android,referral,false
U001826,2026-01-01,android,organic,false
U001827,2025-11-15,android,press,false
U001828,2025-11-09,ios,referral,false
U001829,2025-11-08,android,referral,false
U001830,2026-03-13,ios,organic,false
U001831,2026-02-14,android,organic,false
U001832,2025-11-04,android,referral,false
U001833,2025-10-27,android,organic,false
U001834,2026-05-05,ios,organic,false
U001835,2026-01-21,android,organic,false
U001836,2025-12-09,android,organic,false
U001837,2025-11-04,android,paid_social,false
U001838,2026-04-28,android,organic,false
U001839,2025-10-01,ios,referral,false
U001840,2025-10-27,ios,organic,false
U001841,2026-02-06,ios,organic,false
U001842,2026-01-27,ios,referral,false
U001843,2025-10-02,android,paid_social,false
U001844,2026-02-27,ios,referral,false
U001845,2025-10-26,android,paid_social,false
U001846,2026-02-22,ios,paid_social,false
U001847,2025-11-12,ios,referral,false
U001848,2026-02-23,android,referral,false
U001849,2026-03-12,ios,referral,false
U001850,2026-02-25,ios,organic,false
U001851,2026-05-09,android,referral,false
U001852,2026-02-22,android,paid_social,false
U001853,2026-03-25,ios,organic,false
U001854,2026-01-22,ios,organic,false
U001855,2026-03-14,ios,paid_social,false
U001856,2026-05-05,android,referral,false
U001857,2026-02-21,android,paid_social,false
U001858,2026-05-18,ios,referral,false
U001859,2025-10-12,android,referral,false
U001860,2026-01-16,android,organic,false
U001861,2026-01-30,android,organic,false
U001862,2025-10-09,android,organic,false
U001863,2025-09-14,android,paid_social,false
U001864,2026-03-11,android,organic,false
U001865,2026-01-11,ios,organic,false
U001866,2025-09-08,android,referral,false
U001867,2026-02-12,android,organic,false
U001868,2026-02-25,android,paid_social,false
U001869,2025-10-16,ios,organic,false
U001870,2025-12-14,ios,press,false
U001871,2025-11-14,android,organic,false
U001872,2026-05-17,ios,organic,false
U001873,2026-02-01,android,press,false
U001874,2026-03-30,ios,paid_social,false
U001875,2026-01-08,android,paid_social,false
U001876,2026-05-21,android,referral,false
U001877,2025-10-22,ios,press,false
U001878,2025-11-08,android,press,false
U001879,2025-12-28,android,press,false
U001880,2025-11-08,ios,organic,false
U001881,2026-01-22,ios,paid_social,false
U001882,2026-05-06,android,organic,false
U001883,2025-11-02,android,organic,false
U001884,2026-04-02,ios,organic,false
U001885,2025-12-06,android,press,false
U001886,2026-05-21,ios,organic,false
U001887,2026-05-19,android,press,false
U001888,2026-03-20,ios,organic,false
U001889,2026-01-07,ios,paid_social,false
U001890,2026-05-12,ios,organic,false
U001891,2025-10-01,ios,organic,false
U001892,2026-04-30,android,paid_social,false
U001893,2026-01-24,android,organic,false
U001894,2025-11-03,android,referral,false
U001895,2026-03-05,ios,paid_social,false
U001896,2025-10-25,ios,paid_social,false
U001897,2026-04-18,ios,referral,false
U001898,2025-12-26,ios,press,false
U001899,2026-02-08,android,organic,false
U001900,2025-10-10,ios,paid_social,false
U001901,2025-10-09,android,organic,false
U001902,2025-12-27,ios,organic,false
U001903,2026-02-09,ios,paid_social,false
U001904,2025-10-01,android,paid_social,false
U001905,2025-12-10,android,referral,false
U001906,2025-10-03,ios,organic,false
U001907,2025-12-31,android,organic,false
U001908,2026-03-25,android,organic,false
U001909,2025-09-16,ios,organic,false
U001910,2025-11-10,ios,referral,false
U001911,2026-04-09,android,paid_social,false
U001912,2026-02-20,ios,press,false
U001913,2025-10-30,ios,organic,false
U001914,2025-11-13,android,paid_social,false
U001915,2026-03-30,ios,organic,false
U001916,2025-12-08,android,paid_social,false
U001917,2025-11-21,android,press,false
U001918,2026-05-04,ios,organic,false
U001919,2026-04-10,android,organic,false
U001920,2026-04-22,android,referral,false
U001921,2026-02-09,android,paid_social,false
U001922,2025-09-22,ios,organic,false
U001923,2026-04-27,ios,paid_social,false
U001924,2025-12-05,android,organic,false
U001925,2026-01-17,android,organic,false
U001926,2026-01-15,android,organic,false
U001927,2025-09-12,android,referral,false
U001928,2026-03-31,ios,paid_social,false
U001929,2026-04-21,android,organic,false
U001930,2025-11-29,android,referral,false
U001931,2025-12-14,android,organic,false
U001932,2025-09-04,ios,press,false
U001933,2025-12-14,android,paid_social,false
U001934,2026-01-25,ios,paid_social,false
U001935,2026-01-03,ios,organic,false
U001936,2026-02-08,android,organic,false
U001937,2025-09-27,android,paid_social,false
U001938,2025-11-13,android,paid_social,false
U001939,2026-05-13,android,organic,false
U001940,2025-12-23,ios,press,false
U001941,2026-05-02,android,organic,false
U001942,2025-09-07,ios,press,false
U001943,2026-04-27,android,referral,false
U001944,2026-05-17,ios,organic,false
U001945,2026-01-19,android,referral,false
U001946,2025-09-18,android,organic,false
U001947,2026-02-21,android,referral,false
U001948,2025-11-26,ios,referral,false
U001949,2025-12-31,android,organic,false
U001950,2025-11-04,ios,press,false
U001951,2026-02-20,android,paid_social,false
U001952,2026-05-03,android,organic,false
U001953,2025-11-04,android,paid_social,false
U001954,2026-04-16,android,organic,false
U001955,2026-01-21,ios,paid_social,false
U001956,2026-02-21,android,organic,false
U001957,2025-09-06,ios,organic,false
U001958,2026-02-17,ios,press,false
U001959,2026-04-19,android,referral,false
U001960,2025-09-22,ios,organic,false
U001961,2025-09-02,ios,organic,false
U001962,2026-01-20,android,referral,false
U001963,2025-11-28,ios,organic,false
U001964,2025-09-10,android,press,false
U001965,2025-09-17,android,organic,false
U001966,2025-09-08,ios,organic,false
U001967,2025-10-05,android,referral,false
U001968,2026-02-19,android,organic,false
U001969,2026-02-16,android,organic,false
U001970,2025-10-05,android,organic,false
U001971,2025-09-01,android,organic,false
U001972,2026-05-27,android,referral,false
U001973,2026-01-02,ios,organic,false
U001974,2025-11-02,ios,organic,false
U001975,2026-04-07,ios,paid_social,false
U001976,2026-03-10,android,paid_social,false
U001977,2025-10-23,ios,paid_social,false
U001978,2026-02-02,ios,paid_social,false
U001979,2026-01-09,android,paid_social,false
U001980,2025-12-26,android,referral,false
U001981,2025-09-16,ios,organic,false
U001982,2026-01-20,ios,paid_social,false
U001983,2026-03-09,ios,press,false
U001984,2026-03-17,android,organic,false
U001985,2026-03-21,android,organic,false
U001986,2026-02-26,ios,paid_social,false
U001987,2026-01-13,ios,press,false
U001988,2025-11-05,android,press,false
U001989,2025-11-17,ios,referral,false
U001990,2026-01-22,android,organic,false
U001991,2026-05-18,android,referral,false
U001992,2026-05-08,android,referral,false
U001993,2026-02-20,ios,organic,false
U001994,2026-03-25,android,press,false
U001995,2025-09-16,android,referral,false
U001996,2026-03-29,ios,paid_social,false
U001997,2025-10-23,android,press,false
U001998,2026-01-14,ios,organic,false
U001999,2026-04-11,android,referral,false
U002000,2025-11-04,android,organic,false
U002001,2025-09-06,ios,organic,false
U002002,2026-05-24,ios,organic,false
U002003,2026-05-13,ios,organic,false
U002004,2026-02-01,android,organic,false
U002005,2026-02-01,android,organic,false
U002006,2025-12-07,android,organic,false
U002007,2025-10-16,android,paid_social,false
U002008,2025-10-21,android,organic,false
U002009,2026-02-27,android,organic,false
U002010,2026-03-03,android,organic,false
U002011,2025-10-27,ios,referral,false
U002012,2025-09-06,android,paid_social,false
U002013,2026-05-20,ios,organic,false
U002014,2026-04-23,android,referral,false
U002015,2026-03-27,android,paid_social,false
U002016,2026-04-12,android,organic,false
U002017,2026-02-03,ios,paid_social,false
U002018,2025-12-06,android,paid_social,false
U002019,2026-04-19,android,organic,false
U002020,2026-01-31,android,paid_social,false
U002021,2026-03-01,android,organic,false
U002022,2026-05-05,ios,organic,false
U002023,2026-01-28,android,organic,false
U002024,2026-02-28,ios,organic,false
U002025,2026-01-09,android,organic,false
U002026,2026-01-12,ios,referral,false
U002027,2026-05-08,ios,press,false
U002028,2025-11-08,android,press,false
U002029,2026-05-19,android,organic,false
U002030,2025-12-01,ios,organic,false
U002031,2025-12-06,ios,referral,false
U002032,2025-09-28,ios,organic,false
U002033,2026-03-09,ios,organic,false
U002034,2025-09-10,ios,organic,false
U002035,2026-04-17,android,organic,false
U002036,2026-04-08,ios,organic,false
U002037,2026-02-14,android,referral,false
U002038,2025-10-07,android,press,false
U002039,2025-09-24,ios,referral,false
U002040,2025-10-14,android,paid_social,false
U002041,2025-09-28,ios,referral,false
U002042,2026-04-15,android,organic,false
U002043,2025-10-12,ios,organic,false
U002044,2026-03-12,ios,referral,false
U002045,2025-12-09,android,organic,false
U002046,2025-09-01,android,organic,false
U002047,2026-04-21,ios,organic,false
U002048,2026-01-28,ios,organic,false
U002049,2026-03-06,android,referral,false
U002050,2025-11-14,ios,organic,false
U002051,2025-11-17,android,organic,false
U002052,2025-10-27,ios,paid_social,false
U002053,2025-10-23,ios,paid_social,false
U002054,2025-09-27,ios,paid_social,false
U002055,2025-10-15,ios,organic,false
U002056,2026-02-26,ios,press,false
U002057,2026-01-24,ios,organic,false
U002058,2025-09-13,android,organic,false
U002059,2025-10-02,android,organic,false
U002060,2025-09-29,android,organic,false
U002061,2025-10-07,ios,organic,false
U002062,2025-11-14,android,press,false
U002063,2026-05-11,ios,organic,false
U002064,2025-10-20,android,organic,false
U002065,2025-12-09,android,organic,false
U002066,2025-09-22,android,paid_social,false
U002067,2025-10-26,android,press,false
U002068,2026-01-10,ios,paid_social,false
U002069,2025-12-18,ios,organic,false
U002070,2025-11-05,android,organic,false
U002071,2026-01-24,android,press,false
U002072,2025-12-19,ios,paid_social,false
U002073,2026-02-23,ios,organic,false
U002074,2026-05-14,ios,referral,false
U002075,2025-09-13,android,organic,false
U002076,2026-05-17,android,referral,false
U002077,2025-10-21,android,referral,false
U002078,2025-11-15,android,organic,false
U002079,2025-09-10,android,organic,false
U002080,2026-04-10,android,organic,false
U002081,2025-12-08,android,organic,false
U002082,2025-11-30,android,referral,false
U002083,2025-12-14,android,paid_social,false
U002084,2025-09-18,android,paid_social,false
U002085,2026-01-25,android,referral,false
U002086,2026-01-17,ios,referral,false
U002087,2025-11-01,ios,organic,false
U002088,2025-12-30,android,organic,false
U002089,2025-11-26,android,referral,false
U002090,2025-10-04,android,press,false
U002091,2026-02-26,ios,paid_social,false
U002092,2026-04-23,ios,organic,false
U002093,2026-05-09,android,referral,false
U002094,2026-03-10,android,press,false
U002095,2025-12-15,android,organic,false
U002096,2026-01-23,ios,organic,false
U002097,2026-04-24,ios,organic,false
U002098,2025-12-23,ios,paid_social,false
U002099,2025-12-21,android,organic,false
U002100,2026-04-05,android,referral,false
U002101,2026-05-17,ios,organic,false
U002102,2025-10-07,android,paid_social,false
U002103,2025-12-02,android,organic,false
U002104,2026-04-21,ios,referral,false
U002105,2025-11-11,ios,paid_social,false
U002106,2026-04-05,android,organic,false
U002107,2025-11-05,android,organic,false
U002108,2026-01-16,ios,referral,false
U002109,2026-05-03,android,organic,false
U002110,2026-04-23,ios,press,false
U002111,2026-05-17,android,paid_social,false
U002112,2025-12-03,android,organic,false
U002113,2025-09-23,ios,referral,false
U002114,2025-10-08,android,paid_social,false
U002115,2026-03-05,android,referral,false
U002116,2025-10-04,android,paid_social,false
U002117,2025-09-24,android,organic,false
U002118,2025-10-17,ios,organic,false
U002119,2026-02-11,android,paid_social,false
U002120,2026-04-13,android,paid_social,false
U002121,2026-01-27,ios,referral,false
U002122,2025-10-11,ios,press,false
U002123,2026-05-23,ios,press,false
U002124,2025-09-08,ios,referral,false
U002125,2026-01-27,android,organic,false
U002126,2026-04-28,android,press,false
U002127,2026-02-09,ios,organic,false
U002128,2025-12-07,android,organic,false
U002129,2026-03-21,android,organic,false
U002130,2026-04-15,ios,organic,false
U002131,2025-11-30,ios,organic,false
U002132,2025-11-04,android,paid_social,false
U002133,2025-11-23,android,paid_social,false
U002134,2026-01-07,android,paid_social,false
U002135,2026-04-15,ios,organic,false
U002136,2025-11-24,ios,press,false
U002137,2026-02-07,android,referral,false
U002138,2026-05-16,ios,organic,false
U002139,2025-11-04,android,paid_social,false
U002140,2026-03-27,ios,referral,false
U002141,2025-09-28,android,organic,false
U002142,2025-10-24,android,paid_social,false
U002143,2025-11-23,ios,paid_social,false
U002144,2025-11-23,android,paid_social,false
U002145,2026-04-27,android,organic,false
U002146,2026-04-09,android,referral,false
U002147,2026-01-31,ios,organic,false
U002148,2026-04-27,ios,organic,false
U002149,2025-12-18,android,organic,false
U002150,2026-05-04,android,paid_social,false
U002151,2026-03-24,android,referral,false
U002152,2026-01-24,ios,organic,false
U002153,2026-05-09,android,organic,false
U002154,2026-02-03,ios,organic,false
U002155,2026-01-19,android,organic,false
U002156,2026-02-12,android,paid_social,false
U002157,2025-11-01,android,organic,false
U002158,2025-10-25,ios,organic,false
U002159,2026-01-24,ios,paid_social,false
U002160,2025-09-08,android,press,false
U002161,2025-09-17,android,paid_social,false
U002162,2025-12-23,android,paid_social,false
U002163,2026-02-18,android,press,false
U002164,2025-10-28,android,press,false
U002165,2025-11-09,android,organic,false
U002166,2026-01-25,android,organic,false
U002167,2026-03-28,ios,organic,false
U002168,2025-09-18,android,press,false
U002169,2026-04-17,ios,organic,false
U002170,2025-09-03,android,paid_social,false
U002171,2025-11-22,android,press,false
U002172,2025-12-16,android,organic,false
U002173,2026-01-31,android,paid_social,false
U002174,2025-09-25,android,organic,false
U002175,2026-03-09,ios,organic,false
U002176,2025-09-11,ios,organic,false
U002177,2025-10-09,android,paid_social,false
U002178,2026-01-25,ios,press,false
U002179,2026-03-27,ios,referral,false
U002180,2025-12-29,ios,organic,false
U002181,2025-09-23,ios,organic,false
U002182,2026-05-12,android,organic,false
U002183,2025-10-03,android,paid_social,false
U002184,2026-05-14,ios,paid_social,false
U002185,2026-03-03,android,organic,false
U002186,2025-10-20,ios,organic,false
U002187,2025-11-21,android,referral,false
U002188,2026-04-08,android,organic,false
U002189,2025-11-28,android,organic,false
U002190,2026-02-14,ios,organic,false
U002191,2026-02-22,android,paid_social,false
U002192,2025-10-02,android,organic,false
U002193,2025-09-23,android,organic,false
U002194,2026-05-27,android,paid_social,false
U002195,2026-02-04,android,referral,false
U002196,2025-12-26,ios,organic,false
U002197,2026-04-27,android,paid_social,false
U002198,2025-10-14,android,organic,false
U002199,2026-02-13,android,organic,false
U002200,2026-02-02,android,referral,false
U002201,2025-12-18,android,paid_social,false
U002202,2026-03-10,ios,organic,false
U002203,2026-05-06,ios,paid_social,false
U002204,2026-02-16,ios,press,false
U002205,2025-12-24,ios,paid_social,false
U002206,2026-05-04,ios,paid_social,false
U002207,2026-03-25,android,referral,false
U002208,2025-11-03,android,paid_social,false
U002209,2025-09-27,ios,organic,false
U002210,2025-11-04,android,organic,false
U002211,2025-09-03,android,organic,false
U002212,2026-04-11,android,paid_social,false
U002213,2026-02-01,ios,organic,false
U002214,2026-02-10,android,press,false
U002215,2026-05-13,android,organic,false
U002216,2026-03-24,ios,organic,false
U002217,2025-09-05,ios,paid_social,false
U002218,2026-04-02,android,referral,false
U002219,2025-11-03,android,referral,false
U002220,2026-01-05,ios,organic,false
U002221,2025-09-04,android,press,false
U002222,2026-01-11,android,organic,false
U002223,2026-03-21,android,referral,false
U002224,2026-04-08,ios,organic,false
U002225,2026-04-16,android,referral,false
U002226,2025-12-26,android,paid_social,false
U002227,2025-10-20,android,organic,false
U002228,2026-01-21,ios,referral,false
U002229,2026-05-05,ios,organic,false
U002230,2026-02-20,android,organic,false
U002231,2026-02-05,android,paid_social,false
U002232,2026-04-07,android,paid_social,false
U002233,2026-01-13,android,paid_social,false
U002234,2025-10-30,ios,paid_social,false
U002235,2025-10-08,ios,paid_social,false
U002236,2025-09-23,android,organic,false
U002237,2026-03-03,android,organic,false
U002238,2026-03-06,ios,organic,false
U002239,2025-10-30,ios,referral,false
U002240,2026-01-28,android,paid_social,false
U002241,2026-04-18,android,paid_social,false
U002242,2026-02-20,android,organic,false
U002243,2026-03-07,android,paid_social,false
U002244,2025-12-13,ios,organic,false
U002245,2026-05-11,android,organic,false
U002246,2025-11-06,android,press,false
U002247,2025-10-11,ios,press,false
U002248,2026-02-11,android,organic,false
U002249,2025-10-30,ios,organic,false
U002250,2025-09-24,android,organic,false
U002251,2025-10-17,ios,organic,false
U002252,2026-04-05,android,organic,false
U002253,2025-11-19,ios,organic,false
U002254,2025-12-25,android,paid_social,false
U002255,2026-01-21,ios,referral,false
U002256,2026-03-25,android,press,false
U002257,2026-02-15,ios,organic,false
U002258,2025-12-30,ios,organic,false
U002259,2025-12-02,android,referral,false
U002260,2026-04-08,ios,referral,false
U002261,2026-05-04,android,press,false
U002262,2026-04-28,android,organic,false
U002263,2025-10-23,ios,referral,false
U002264,2026-05-10,android,organic,false
U002265,2026-04-08,ios,paid_social,false
U002266,2026-01-31,android,organic,false
U002267,2025-09-27,ios,paid_social,false
U002268,2025-11-20,android,referral,false
U002269,2025-10-04,ios,organic,false
U002270,2026-04-02,ios,referral,false
U002271,2026-05-06,android,press,false
U002272,2026-03-23,ios,organic,false
U002273,2026-03-06,ios,organic,false
U002274,2025-10-16,android,paid_social,false
U002275,2026-03-20,android,paid_social,false
U002276,2026-05-18,ios,paid_social,false
U002277,2025-12-28,android,paid_social,false
U002278,2025-12-27,android,paid_social,false
U002279,2026-03-04,ios,paid_social,false
U002280,2025-10-31,ios,organic,false
U002281,2026-02-24,android,organic,false
U002282,2025-12-10,android,organic,false
U002283,2025-11-30,android,organic,false
U002284,2025-12-10,ios,organic,false
U002285,2026-02-06,android,referral,false
U002286,2026-04-03,ios,organic,false
U002287,2026-02-05,android,organic,false
U002288,2026-04-22,android,organic,false
U002289,2025-11-08,ios,paid_social,false
U002290,2025-09-03,ios,paid_social,false
U002291,2026-03-25,android,organic,false
U002292,2025-09-20,android,organic,false
U002293,2025-11-01,android,referral,false
U002294,2025-12-28,ios,referral,false
U002295,2026-05-08,ios,referral,false
U002296,2026-02-13,ios,referral,false
U002297,2025-09-23,android,organic,false
U002298,2025-09-12,android,organic,false
U002299,2026-03-15,ios,press,false
U002300,2026-01-28,ios,paid_social,false
U002301,2025-11-23,ios,press,false
U002302,2025-09-12,android,paid_social,false
U002303,2026-02-22,android,referral,false
U002304,2025-12-12,android,paid_social,false
U002305,2025-11-07,ios,referral,false
U002306,2026-03-18,android,organic,false
U002307,2025-10-28,ios,press,false
U002308,2026-04-09,android,organic,false
U002309,2026-01-09,android,paid_social,false
U002310,2026-04-03,ios,organic,false
U002311,2026-01-26,ios,press,false
U002312,2026-05-14,android,press,false
U002313,2026-04-22,ios,paid_social,false
U002314,2026-04-06,android,organic,false
U002315,2026-01-08,android,referral,false
U002316,2026-05-17,android,paid_social,false
U002317,2026-01-08,ios,organic,false
U002318,2025-09-18,android,organic,false
U002319,2025-11-04,ios,organic,false
U002320,2025-10-24,android,organic,false
U002321,2026-04-30,android,organic,false
U002322,2025-09-25,android,organic,false
U002323,2026-04-06,android,organic,false
U002324,2026-04-27,android,organic,false
U002325,2025-10-26,android,organic,false
U002326,2025-09-26,android,paid_social,false
U002327,2025-09-08,android,organic,false
U002328,2026-01-09,android,organic,false
U002329,2026-03-16,ios,organic,false
U002330,2026-01-26,ios,paid_social,false
U002331,2025-11-01,android,organic,false
U002332,2025-11-28,android,paid_social,false
U002333,2025-11-20,ios,referral,false
U002334,2025-11-11,android,paid_social,false
U002335,2026-01-25,ios,organic,false
U002336,2025-11-27,ios,press,false
U002337,2026-03-30,android,paid_social,false
U002338,2025-11-03,android,referral,false
U002339,2026-01-29,ios,organic,false
U002340,2025-12-02,android,organic,false
U002341,2025-09-06,ios,referral,false
U002342,2025-10-26,ios,paid_social,false
U002343,2025-10-10,android,organic,false
U002344,2026-02-17,android,organic,false
U002345,2025-10-02,ios,organic,false
U002346,2026-05-26,ios,paid_social,false
U002347,2025-11-04,ios,organic,false
U002348,2025-12-08,android,organic,false
U002349,2026-05-19,android,paid_social,false
U002350,2025-09-04,ios,organic,false
U002351,2026-05-12,android,organic,false
U002352,2025-12-11,ios,paid_social,false
U002353,2025-10-12,ios,press,false
U002354,2025-10-28,ios,referral,false
U002355,2026-04-11,android,organic,false
U002356,2025-12-20,ios,organic,false
U002357,2026-05-26,android,organic,false
U002358,2026-03-26,android,organic,false
U002359,2026-01-16,ios,paid_social,false
U002360,2026-04-30,android,organic,false
U002361,2026-04-09,android,organic,false
U002362,2026-05-21,ios,organic,false
U002363,2026-04-22,android,paid_social,false
U002364,2025-12-11,ios,paid_social,false
U002365,2026-02-24,android,referral,false
U002366,2026-04-14,ios,organic,false
U002367,2026-04-19,ios,paid_social,false
U002368,2025-10-13,android,referral,false
U002369,2026-05-15,android,organic,false
U002370,2025-12-25,ios,referral,false
U002371,2026-04-03,android,referral,false
U002372,2025-11-02,android,referral,false
U002373,2025-10-09,ios,paid_social,false
U002374,2026-05-15,ios,paid_social,false
U002375,2025-10-27,ios,organic,false
U002376,2025-11-07,android,organic,false
U002377,2026-02-21,android,paid_social,false
U002378,2026-03-11,ios,press,false
U002379,2026-04-07,android,paid_social,false
U002380,2025-09-11,ios,press,false
U002381,2026-01-11,ios,organic,false
U002382,2025-12-30,android,paid_social,false
U002383,2025-12-09,ios,referral,false
U002384,2026-05-20,android,organic,false
U002385,2026-01-25,ios,press,false
U002386,2026-02-09,ios,organic,false
U002387,2026-03-30,ios,organic,false
U002388,2026-01-01,ios,organic,false
U002389,2026-03-08,ios,referral,false
U002390,2025-12-05,ios,organic,false
U002391,2026-03-28,ios,referral,false
U002392,2025-10-09,android,referral,false
U002393,2026-02-05,android,paid_social,false
U002394,2026-04-04,ios,organic,false
U002395,2026-01-19,android,organic,false
U002396,2026-05-05,ios,paid_social,false
U002397,2026-02-11,ios,press,false
U002398,2026-01-14,ios,organic,false
U002399,2025-12-12,android,paid_social,false
U002400,2026-02-13,android,organic,false
U002401,2025-11-28,ios,press,false
U002402,2026-03-16,ios,organic,false
U002403,2025-09-07,ios,organic,false
U002404,2026-02-15,android,organic,false
U002405,2025-09-17,ios,organic,false
U002406,2025-10-15,android,organic,false
U002407,2025-12-23,ios,organic,false
U002408,2025-11-16,ios,press,false
U002409,2026-01-09,ios,paid_social,false
U002410,2026-04-02,android,organic,false
U002411,2026-02-05,android,organic,false
U002412,2026-05-12,android,referral,false
U002413,2026-02-13,android,referral,false
U002414,2025-11-01,android,organic,false
U002415,2026-02-26,ios,paid_social,false
U002416,2026-05-13,ios,press,false
U002417,2025-12-29,ios,organic,false
U002418,2025-12-16,android,referral,false
U002419,2026-02-07,android,referral,false
U002420,2026-03-13,android,referral,false
U002421,2026-04-04,android,organic,false
U002422,2026-05-10,ios,organic,false
U002423,2026-03-19,android,press,false
U002424,2025-12-08,android,referral,false
U002425,2025-11-01,android,organic,false
U002426,2025-11-28,ios,organic,false
U002427,2025-12-05,android,organic,false
U002428,2026-04-24,android,referral,false
U002429,2025-12-24,ios,press,false
U002430,2026-03-14,ios,organic,false
U002431,2025-09-19,android,paid_social,false
U002432,2025-12-14,android,paid_social,false
U002433,2026-04-05,android,organic,false
U002434,2026-01-23,android,organic,false
U002435,2026-04-22,android,referral,false
U002436,2026-01-29,android,paid_social,false
U002437,2025-11-10,ios,paid_social,false
U002438,2026-02-26,ios,organic,false
U002439,2026-02-18,android,paid_social,false
U002440,2025-12-24,ios,organic,false
U002441,2026-02-08,ios,press,false
U002442,2026-03-31,ios,organic,false
U002443,2025-11-30,android,organic,false
U002444,2026-05-21,android,organic,false
U002445,2025-11-24,ios,paid_social,false
U002446,2025-10-27,android,referral,false
U002447,2025-12-18,ios,paid_social,false
U002448,2026-04-29,ios,organic,false
U002449,2025-09-21,ios,organic,false
U002450,2026-03-03,android,organic,false
U002451,2026-01-03,ios,press,false
U002452,2025-11-29,android,organic,false
U002453,2026-02-03,android,organic,false
U002454,2026-01-15,ios,paid_social,false
U002455,2025-12-01,android,referral,false
U002456,2026-04-27,android,referral,false
U002457,2026-04-01,ios,organic,false
U002458,2025-10-03,ios,press,false
U002459,2026-02-21,ios,referral,false
U002460,2026-01-11,ios,organic,false
U002461,2025-12-27,android,organic,false
U002462,2025-10-16,android,paid_social,false
U002463,2026-02-04,android,organic,false
U002464,2026-03-23,android,organic,false
U002465,2025-11-06,ios,referral,false
U002466,2026-02-24,ios,organic,false
U002467,2026-03-28,ios,referral,false
U002468,2025-09-15,ios,referral,false
U002469,2026-04-08,android,press,false
U002470,2025-11-02,android,organic,false
U002471,2025-11-20,android,organic,false
U002472,2026-05-08,android,paid_social,false
U002473,2025-12-11,ios,organic,false
U002474,2026-02-23,android,paid_social,false
U002475,2025-09-18,ios,organic,false
U002476,2026-03-14,ios,organic,false
U002477,2026-03-16,ios,organic,false
U002478,2026-01-04,android,organic,false
U002479,2025-11-06,android,referral,false
U002480,2026-01-21,android,press,false
U002481,2025-11-29,android,organic,false
U002482,2026-04-11,ios,paid_social,false
U002483,2026-02-12,ios,paid_social,false
U002484,2025-12-11,android,paid_social,false
U002485,2026-01-11,android,press,false
U002486,2026-04-07,ios,press,false
U002487,2026-01-14,android,organic,false
U002488,2026-02-11,android,paid_social,false
U002489,2026-04-10,android,organic,false
U002490,2026-03-08,ios,organic,false
U002491,2025-11-15,ios,organic,false
U002492,2026-02-05,android,organic,false
U002493,2025-09-03,android,paid_social,false
U002494,2026-03-19,ios,paid_social,false
U002495,2026-05-05,android,organic,false
U002496,2026-02-20,android,paid_social,false
U002497,2026-03-15,ios,organic,false
U002498,2025-09-25,ios,organic,false
U002499,2025-09-24,ios,paid_social,false
U002500,2025-11-10,android,organic,false
U002501,2026-01-31,android,referral,false
U002502,2026-04-23,ios,paid_social,false
U002503,2026-04-22,ios,paid_social,false
U002504,2025-09-26,android,organic,false
U002505,2026-04-12,ios,organic,false
U002506,2026-04-12,ios,referral,false
U002507,2026-05-03,android,organic,false
U002508,2026-01-12,android,organic,false
U002509,2025-09-04,ios,organic,false
U002510,2026-04-04,ios,paid_social,false
U002511,2025-10-15,android,paid_social,false
U002512,2025-11-25,ios,organic,false
U002513,2025-09-13,ios,organic,false
U002514,2025-11-14,android,organic,false
U002515,2025-10-20,ios,organic,false
U002516,2025-12-05,android,referral,false
U002517,2026-01-12,android,organic,false
U002518,2026-05-27,android,organic,false
U002519,2025-10-22,android,organic,false
U002520,2026-02-14,ios,paid_social,false
U002521,2025-11-02,ios,organic,false
U002522,2026-03-07,ios,paid_social,false
U002523,2025-11-13,android,organic,false
U002524,2026-04-07,android,paid_social,false
U002525,2025-10-30,ios,paid_social,false
U002526,2025-10-12,android,referral,false
U002527,2025-09-22,ios,organic,false
U002528,2025-10-31,android,organic,false
U002529,2026-04-06,android,organic,false
U002530,2025-12-29,android,referral,false
U002531,2026-05-14,android,press,false
U002532,2026-04-14,ios,press,false
U002533,2026-02-13,ios,organic,false
U002534,2026-03-25,ios,organic,false
U002535,2026-01-26,ios,paid_social,false
U002536,2026-02-12,android,organic,false
U002537,2025-10-29,android,referral,false
U002538,2026-01-21,android,organic,false
U002539,2026-02-23,android,organic,false
U002540,2026-04-19,android,press,false
U002541,2026-03-30,ios,organic,false
U002542,2026-01-24,ios,paid_social,false
U002543,2025-10-25,android,organic,false
U002544,2025-09-15,android,organic,false
U002545,2026-04-05,android,organic,false
U002546,2026-03-19,android,referral,false
U002547,2026-04-22,android,organic,false
U002548,2026-05-18,android,organic,false
U002549,2026-01-23,android,organic,false
U002550,2026-02-20,android,organic,false
U002551,2025-10-13,android,organic,false
U002552,2025-10-21,ios,organic,false
U002553,2026-02-22,android,organic,false
U002554,2026-01-28,ios,paid_social,false
U002555,2025-09-20,ios,referral,false
U002556,2025-10-16,android,organic,false
U002557,2026-02-14,android,press,false
U002558,2026-05-18,ios,referral,false
U002559,2025-09-15,android,organic,false
U002560,2025-09-21,android,organic,false
U002561,2026-04-15,android,referral,false
U002562,2025-12-10,android,organic,false
U002563,2026-03-13,android,organic,false
U002564,2025-10-09,ios,organic,false
U002565,2026-03-25,android,referral,false
U002566,2025-11-10,ios,paid_social,false
U002567,2025-12-01,android,press,false
U002568,2026-01-04,android,organic,false
U002569,2026-03-23,ios,press,false
U002570,2025-09-29,ios,referral,false
U002571,2026-03-03,ios,organic,false
U002572,2025-11-11,ios,paid_social,false
U002573,2026-04-29,ios,organic,false
U002574,2025-10-15,android,referral,false
U002575,2025-10-05,android,paid_social,false
U002576,2026-01-18,ios,press,false
U002577,2026-02-08,ios,paid_social,false
U002578,2026-04-17,android,paid_social,false
U002579,2026-04-12,ios,paid_social,false
U002580,2026-05-09,ios,organic,false
U002581,2026-04-12,android,organic,false
U002582,2026-04-17,ios,press,false
U002583,2025-11-13,android,organic,false
U002584,2026-05-20,ios,paid_social,false
U002585,2025-09-17,ios,paid_social,false
U002586,2026-05-10,android,referral,false
U002587,2026-01-16,ios,paid_social,false
U002588,2025-10-25,ios,paid_social,false
U002589,2026-03-19,android,organic,false
U002590,2025-09-01,android,organic,false
U002591,2025-12-18,android,referral,false
U002592,2025-09-19,ios,referral,false
U002593,2026-05-26,android,referral,false
U002594,2025-11-01,android,paid_social,false
U002595,2026-01-07,ios,paid_social,false
U002596,2025-09-10,ios,organic,false
U002597,2026-02-20,ios,organic,false
U002598,2026-02-27,android,organic,false
U002599,2025-11-19,android,paid_social,false
U002600,2025-09-21,android,organic,false
U002601,2025-10-23,android,organic,false
U002602,2025-11-28,android,referral,false
U002603,2026-03-16,android,organic,false
U002604,2025-12-07,android,organic,false
U002605,2025-10-19,android,paid_social,false
U002606,2026-05-05,android,organic,false
U002607,2026-01-01,ios,organic,false
U002608,2026-04-22,android,organic,false
U002609,2025-09-14,android,referral,false
U002610,2026-03-06,android,paid_social,false
U002611,2026-02-21,ios,press,false
U002612,2026-01-25,android,paid_social,false
U002613,2025-12-11,ios,organic,false
U002614,2025-10-14,ios,press,false
U002615,2025-12-28,android,paid_social,false
U002616,2026-05-18,ios,paid_social,false
U002617,2025-12-24,android,paid_social,false
U002618,2026-03-25,android,referral,false
U002619,2026-02-18,ios,paid_social,false
U002620,2026-01-20,android,paid_social,false
U002621,2025-09-08,android,press,false
U002622,2025-12-27,ios,paid_social,false
U002623,2025-09-21,android,paid_social,false
U002624,2026-01-17,android,organic,false
U002625,2026-02-17,ios,organic,false
U002626,2026-03-22,android,press,false
U002627,2026-05-06,ios,organic,false
U002628,2026-02-08,ios,organic,false
U002629,2026-04-13,ios,referral,false
U002630,2025-12-15,ios,organic,false
U002631,2025-12-26,ios,organic,false
U002632,2025-10-11,ios,press,false
U002633,2025-10-28,android,paid_social,false
U002634,2026-03-18,ios,referral,false
U002635,2026-04-20,ios,paid_social,false
U002636,2026-04-25,android,organic,false
U002637,2026-04-03,android,organic,false
U002638,2025-12-04,ios,paid_social,false
U002639,2026-05-17,android,organic,false
U002640,2026-02-25,ios,organic,false
U002641,2025-12-29,android,paid_social,false
U002642,2026-01-04,android,organic,false
U002643,2025-12-25,android,organic,false
U002644,2025-09-24,android,press,false
U002645,2026-01-29,android,referral,false
U002646,2026-03-29,ios,referral,false
U002647,2026-04-15,android,organic,false
U002648,2026-05-03,android,referral,false
U002649,2026-02-07,android,press,false
U002650,2025-12-22,ios,press,false
U002651,2026-05-08,ios,referral,false
U002652,2025-10-05,ios,organic,false
U002653,2025-11-01,android,paid_social,false
U002654,2025-12-12,ios,referral,false
U002655,2026-05-11,ios,organic,false
U002656,2025-09-28,android,paid_social,false
U002657,2026-01-15,android,organic,false
U002658,2026-05-28,ios,organic,false
U002659,2026-04-24,android,referral,false
U002660,2025-11-20,android,paid_social,false
U002661,2025-11-14,ios,organic,false
U002662,2026-01-18,ios,paid_social,false
U002663,2026-02-21,android,organic,false
U002664,2025-12-06,ios,organic,false
U002665,2026-03-18,android,referral,false
U002666,2025-11-04,ios,organic,false
U002667,2025-10-08,ios,organic,false
U002668,2025-09-09,android,organic,false
U002669,2025-09-19,android,press,false
U002670,2026-05-14,ios,organic,false
U002671,2026-05-09,android,organic,false
U002672,2026-05-18,ios,paid_social,false
U002673,2025-10-15,android,organic,false
U002674,2026-04-18,ios,organic,false
U002675,2026-01-15,android,organic,false
U002676,2026-01-25,ios,organic,false
U002677,2026-02-07,android,referral,false
U002678,2025-10-17,ios,paid_social,false
U002679,2026-01-19,android,organic,false
U002680,2026-04-17,ios,press,false
U002681,2026-01-08,android,organic,false
U002682,2026-01-24,android,paid_social,false
U002683,2026-05-16,ios,organic,false
U002684,2025-09-27,android,referral,false
U002685,2026-03-29,ios,paid_social,false
U002686,2026-01-10,ios,press,false
U002687,2026-03-23,ios,referral,false
U002688,2025-11-13,android,organic,false
U002689,2026-05-02,ios,organic,false
U002690,2025-09-27,android,paid_social,false
U002691,2025-10-18,ios,organic,false
U002692,2026-04-29,ios,paid_social,false
U002693,2025-10-10,android,organic,false
U002694,2025-11-19,ios,organic,false
U002695,2025-11-25,android,paid_social,false
U002696,2025-09-16,ios,paid_social,false
U002697,2026-01-30,android,paid_social,false
U002698,2026-03-28,android,referral,false
U002699,2026-04-07,android,organic,false
U002700,2025-10-04,android,organic,false
U002701,2026-02-21,ios,organic,false
U002702,2026-05-01,android,press,false
U002703,2025-10-02,ios,organic,false
U002704,2025-11-08,android,press,false
U002705,2026-05-28,ios,organic,false
U002706,2025-10-24,android,organic,false
U002707,2026-02-08,ios,organic,false
U002708,2026-02-01,android,organic,false
U002709,2026-01-04,ios,press,false
U002710,2025-11-06,ios,press,false
U002711,2026-03-22,android,paid_social,false
U002712,2025-09-02,ios,organic,false
U002713,2026-02-03,ios,paid_social,false
U002714,2025-11-06,android,organic,false
U002715,2025-10-22,android,press,false
U002716,2025-10-29,android,organic,false
U002717,2025-12-18,android,organic,false
U002718,2025-11-19,android,referral,false
U002719,2026-05-24,ios,paid_social,false
U002720,2025-09-21,android,paid_social,false
U002721,2026-03-03,ios,press,false
U002722,2026-05-22,android,organic,false
U002723,2026-04-21,android,paid_social,false
U002724,2025-10-21,android,organic,false
U002725,2026-03-20,android,referral,false
U002726,2026-04-10,ios,organic,false
U002727,2026-03-25,ios,organic,false
U002728,2025-10-21,ios,organic,false
U002729,2026-05-26,ios,referral,false
U002730,2026-01-18,ios,organic,false
U002731,2025-11-23,ios,organic,false
U002732,2025-10-27,ios,paid_social,false
U002733,2026-05-15,ios,organic,false
U002734,2025-09-11,android,paid_social,false
U002735,2026-02-09,ios,press,false
U002736,2026-01-04,android,press,false
U002737,2026-02-06,ios,organic,false
U002738,2025-11-05,android,paid_social,false
U002739,2025-11-08,android,referral,false
U002740,2025-11-18,ios,paid_social,false
U002741,2025-10-04,android,paid_social,false
U002742,2026-03-10,android,press,false
U002743,2026-02-12,android,organic,false
U002744,2025-10-30,android,organic,false
U002745,2026-03-22,ios,paid_social,false
U002746,2025-11-01,ios,organic,false
U002747,2026-04-23,android,paid_social,false
U002748,2026-03-17,android,organic,false
U002749,2026-03-29,ios,organic,false
U002750,2025-09-07,android,organic,false
U002751,2026-01-11,ios,organic,false
U002752,2025-11-26,android,paid_social,false
U002753,2026-03-05,android,organic,false
U002754,2025-11-13,ios,referral,false
U002755,2025-10-26,android,paid_social,false
U002756,2026-05-02,ios,paid_social,false
U002757,2025-12-11,android,organic,false
U002758,2025-09-24,ios,referral,false
U002759,2026-03-04,ios,press,false
U002760,2026-01-29,android,paid_social,false
U002761,2026-04-07,android,paid_social,false
U002762,2026-05-16,ios,organic,false
U002763,2026-01-29,android,referral,false
U002764,2026-01-08,ios,press,false
U002765,2026-05-04,android,press,false
U002766,2026-05-03,android,paid_social,false
U002767,2025-11-19,ios,referral,false
U002768,2026-03-08,ios,press,false
U002769,2025-10-23,ios,organic,false
U002770,2026-01-14,ios,paid_social,false
U002771,2025-09-12,android,paid_social,false
U002772,2025-09-16,ios,paid_social,false
U002773,2026-05-26,android,paid_social,false
U002774,2026-02-14,android,organic,false
U002775,2025-09-28,android,press,false
U002776,2026-03-17,android,organic,false
U002777,2026-05-10,ios,organic,false
U002778,2025-11-11,android,referral,false
U002779,2026-04-01,android,referral,false
U002780,2026-02-22,ios,organic,false
U002781,2025-12-13,ios,organic,false
U002782,2026-02-19,android,organic,false
U002783,2026-05-02,ios,organic,false
U002784,2026-04-29,android,organic,false
U002785,2025-11-13,ios,organic,false
U002786,2025-10-02,ios,organic,false
U002787,2026-02-02,android,press,false
U002788,2025-09-22,android,paid_social,false
U002789,2026-04-24,android,organic,false
U002790,2026-03-04,android,organic,false
U002791,2025-11-04,android,organic,false
U002792,2026-02-07,android,organic,false
U002793,2026-04-01,android,paid_social,false
U002794,2026-05-04,ios,referral,false
U002795,2026-05-21,ios,referral,false
U002796,2025-12-02,android,organic,false
U002797,2026-03-26,android,paid_social,false
U002798,2025-11-19,ios,press,false
U002799,2025-10-30,ios,referral,false
U002800,2025-10-26,ios,paid_social,false
U002801,2025-09-18,android,organic,false
U002802,2025-09-23,android,paid_social,false
U002803,2026-05-14,ios,organic,false
U002804,2025-11-19,android,organic,false
U002805,2026-02-27,ios,paid_social,false
U002806,2026-04-09,ios,paid_social,false
U002807,2026-03-28,android,organic,false
U002808,2026-01-15,ios,referral,false
U002809,2026-04-30,android,organic,false
U002810,2026-04-26,android,organic,false
U002811,2026-01-05,ios,organic,false
U002812,2025-12-12,ios,paid_social,false
U002813,2025-11-26,android,paid_social,false
U002814,2026-04-11,ios,referral,false
U002815,2026-05-07,ios,paid_social,false
U002816,2025-09-07,ios,paid_social,false
U002817,2026-03-03,android,organic,false
U002818,2026-01-21,ios,organic,false
U002819,2026-05-25,android,organic,false
U002820,2025-11-20,android,referral,false
U002821,2025-12-30,android,paid_social,false
U002822,2025-11-22,ios,referral,false
U002823,2025-10-23,android,organic,false
U002824,2025-11-27,ios,organic,false
U002825,2025-12-12,android,organic,false
U002826,2026-01-18,ios,organic,false
U002827,2026-01-04,ios,paid_social,false
U002828,2026-01-31,ios,paid_social,false
U002829,2026-01-24,android,press,false
U002830,2025-09-07,android,referral,false
U002831,2026-01-21,ios,organic,false
U002832,2025-11-28,ios,organic,false
U002833,2025-10-02,ios,referral,false
U002834,2025-09-09,android,paid_social,false
U002835,2026-01-20,android,paid_social,false
U002836,2026-03-10,ios,referral,false
U002837,2025-12-10,ios,organic,false
U002838,2025-12-25,android,referral,false
U002839,2025-09-27,ios,press,false
U002840,2026-04-24,android,referral,false
U002841,2025-09-28,ios,paid_social,false
U002842,2025-10-17,ios,paid_social,false
U002843,2026-03-31,android,organic,false
U002844,2025-10-06,ios,referral,false
U002845,2025-12-31,android,organic,false
U002846,2025-11-08,android,organic,false
U002847,2026-05-05,ios,paid_social,false
U002848,2025-10-24,android,paid_social,false
U002849,2026-04-13,android,paid_social,false
U002850,2026-01-11,ios,paid_social,false
U002851,2025-09-05,android,referral,false
U002852,2026-05-11,android,organic,false
U002853,2025-11-11,ios,referral,false
U002854,2025-09-05,ios,organic,false
U002855,2026-01-26,ios,organic,false
U002856,2025-09-24,android,organic,false
U002857,2026-01-19,ios,organic,false
U002858,2026-04-10,android,organic,false
U002859,2025-10-07,android,organic,false
U002860,2025-10-27,ios,organic,false
U002861,2025-09-06,ios,organic,false
U002862,2026-02-26,android,paid_social,false
U002863,2026-01-19,android,paid_social,false
U002864,2025-11-30,android,referral,false
U002865,2025-10-30,android,paid_social,false
U002866,2025-11-04,ios,press,false
U002867,2026-04-26,android,referral,false
U002868,2026-05-20,android,organic,false
U002869,2026-01-31,android,press,false
U002870,2025-09-21,android,paid_social,false
U002871,2026-04-06,ios,organic,false
U002872,2026-04-14,android,organic,false
U002873,2025-09-18,ios,referral,false
U002874,2025-10-18,android,paid_social,false
U002875,2025-12-09,android,organic,false
U002876,2025-10-18,ios,paid_social,false
U002877,2026-03-09,ios,press,false
U002878,2025-10-17,ios,organic,false
U002879,2026-05-19,android,referral,false
U002880,2026-03-24,android,organic,false
U002881,2026-05-14,android,organic,false
U002882,2025-10-06,android,paid_social,false
U002883,2026-04-25,android,press,false
U002884,2026-03-15,android,press,false
U002885,2025-10-22,ios,organic,false
U002886,2025-11-06,android,organic,false
U002887,2025-11-17,ios,organic,false
U002888,2026-05-01,android,referral,false
U002889,2026-02-02,ios,press,false
U002890,2026-02-10,android,referral,false
U002891,2025-09-04,android,paid_social,false
U002892,2025-09-30,android,organic,false
U002893,2026-02-03,android,referral,false
U002894,2025-12-03,android,organic,false
U002895,2025-11-07,ios,press,false
U002896,2026-02-06,android,paid_social,false
U002897,2026-05-01,android,organic,false
U002898,2026-05-15,android,organic,false
U002899,2025-10-04,ios,referral,false
U002900,2026-02-17,android,paid_social,false
U002901,2026-05-24,ios,organic,false
U002902,2026-02-27,ios,paid_social,false
U002903,2025-10-17,android,organic,false
U002904,2025-10-03,android,organic,false
U002905,2025-10-15,ios,press,false
U002906,2026-03-03,android,organic,false
U002907,2026-01-14,ios,organic,false
U002908,2025-09-19,android,organic,false
U002909,2026-01-20,android,organic,false
U002910,2026-01-06,ios,paid_social,false
U002911,2026-03-26,ios,organic,false
U002912,2026-01-28,android,organic,false
U002913,2026-04-29,ios,organic,false
U002914,2026-03-15,android,paid_social,false
U002915,2025-10-16,android,referral,false
U002916,2026-05-22,ios,paid_social,false
U002917,2025-10-22,android,paid_social,false
U002918,2025-09-23,android,organic,false
U002919,2025-09-07,android,organic,false
U002920,2025-11-27,android,paid_social,false
U002921,2026-04-29,android,paid_social,false
U002922,2026-02-08,android,referral,false
U002923,2026-02-06,android,paid_social,false
U002924,2025-10-18,android,organic,false
U002925,2025-12-26,android,organic,false
U002926,2026-03-04,android,referral,false
U002927,2026-01-11,ios,paid_social,false
U002928,2026-03-27,android,paid_social,false
U002929,2026-05-15,android,referral,false
U002930,2025-11-24,android,press,false
U002931,2025-11-10,ios,press,false
U002932,2025-11-19,android,organic,false
U002933,2025-11-02,android,organic,false
U002934,2026-03-20,ios,organic,false
U002935,2025-09-27,ios,organic,false
U002936,2026-02-10,android,organic,false
U002937,2026-05-14,ios,organic,false
U002938,2025-11-26,android,referral,false
U002939,2025-09-28,android,organic,false
U002940,2026-01-29,android,organic,false
U002941,2026-04-20,ios,referral,false
U002942,2025-10-05,ios,organic,false
U002943,2025-10-28,ios,paid_social,false
U002944,2025-09-02,android,referral,false
U002945,2025-11-17,ios,organic,false
U002946,2025-11-07,ios,organic,false
U002947,2025-09-21,android,paid_social,false
U002948,2025-10-09,ios,paid_social,false
U002949,2025-11-13,ios,referral,false
U002950,2026-03-08,ios,organic,false
U002951,2025-09-11,android,referral,false
U002952,2025-09-12,ios,organic,false
U002953,2026-01-13,ios,paid_social,false
U002954,2026-05-10,android,paid_social,false
U002955,2026-03-22,ios,paid_social,false
U002956,2025-09-25,android,referral,false
U002957,2025-09-10,ios,organic,false
U002958,2025-11-19,ios,organic,false
U002959,2026-04-17,ios,organic,false
U002960,2026-05-27,android,organic,false
U002961,2025-09-03,ios,paid_social,false
U002962,2026-05-28,ios,paid_social,false
U002963,2026-04-10,ios,organic,false
U002964,2025-10-28,android,organic,false
U002965,2025-10-05,ios,organic,false
U002966,2026-02-27,android,organic,false
U002967,2026-03-15,android,organic,false
U002968,2026-02-16,ios,press,false
U002969,2026-05-25,ios,press,false
U002970,2025-12-22,ios,paid_social,false
U002971,2026-03-18,ios,organic,false
U002972,2025-11-30,android,organic,false
U002973,2025-12-28,ios,paid_social,false
U002974,2026-01-06,ios,organic,false
U002975,2026-03-28,ios,referral,false
U002976,2025-11-30,ios,referral,false
U002977,2026-01-21,android,organic,false
U002978,2026-04-07,android,referral,false
U002979,2025-12-03,android,organic,false
U002980,2026-03-03,ios,referral,false
U002981,2026-03-20,ios,paid_social,false
U002982,2025-09-22,android,paid_social,false
U002983,2026-04-25,android,organic,false
U002984,2026-02-03,android,organic,false
U002985,2026-02-20,ios,referral,false
U002986,2025-10-01,ios,organic,false
U002987,2026-05-07,ios,organic,false
U002988,2026-02-11,ios,organic,false
U002989,2025-09-17,android,organic,false
U002990,2026-04-17,ios,press,false
U002991,2026-03-02,ios,organic,false
U002992,2025-10-25,ios,organic,false
U002993,2026-04-04,ios,referral,false
U002994,2026-02-22,android,paid_social,false
U002995,2026-04-17,android,press,false
U002996,2026-01-04,ios,organic,false
U002997,2026-02-08,android,press,false
U002998,2025-12-12,ios,paid_social,false
U002999,2025-10-14,android,organic,false
U003000,2026-03-03,android,press,false
U003001,2025-09-12,android,organic,false
U003002,2025-10-26,ios,organic,false
U003003,2026-05-02,android,organic,false
U003004,2025-11-24,android,referral,false
U003005,2026-03-15,ios,organic,false
U003006,2026-02-14,ios,organic,false
U003007,2026-02-21,android,paid_social,false
U003008,2025-10-26,ios,organic,false
U003009,2026-03-05,android,paid_social,false
U003010,2026-05-13,android,paid_social,false
U003011,2026-01-20,android,paid_social,false
U003012,2025-12-19,android,referral,false
U003013,2026-01-02,android,organic,false
U003014,2026-05-21,android,paid_social,false
U003015,2026-03-22,android,organic,false
U003016,2025-10-03,ios,press,false
U003017,2025-11-22,android,organic,false
U003018,2025-12-17,ios,organic,false
U003019,2026-02-01,ios,organic,false
U003020,2026-03-25,ios,organic,false
U003021,2025-09-16,android,organic,false
U003022,2026-03-11,android,organic,false
U003023,2025-10-11,android,press,false
U003024,2026-04-09,android,organic,false
U003025,2025-12-10,ios,paid_social,false
U003026,2026-05-26,android,press,false
U003027,2025-12-10,android,referral,false
U003028,2026-04-29,android,organic,false
U003029,2026-03-09,ios,press,false
U003030,2025-10-25,android,paid_social,false
U003031,2026-03-23,android,press,false
U003032,2025-12-23,ios,paid_social,false
U003033,2026-03-08,android,paid_social,false
U003034,2025-11-20,ios,paid_social,false
U003035,2025-09-13,android,paid_social,false
U003036,2026-01-15,ios,organic,false
U003037,2026-05-01,android,paid_social,false
U003038,2025-11-01,ios,organic,false
U003039,2025-11-13,android,organic,false
U003040,2025-12-05,ios,organic,false
U003041,2025-10-11,android,organic,false
U003042,2025-09-08,android,organic,false
U003043,2026-02-07,android,paid_social,false
U003044,2026-04-09,android,organic,false
U003045,2026-04-22,ios,organic,false
U003046,2025-09-05,android,organic,false
U003047,2025-09-15,android,organic,false
U003048,2025-11-05,ios,paid_social,false
U003049,2025-10-19,android,referral,false
U003050,2025-11-23,android,paid_social,false
U003051,2025-12-26,android,paid_social,false
U003052,2026-04-04,android,organic,false
U003053,2025-11-16,ios,paid_social,false
U003054,2025-12-17,android,organic,false
U003055,2026-04-22,android,organic,false
U003056,2025-09-16,android,referral,false
U003057,2025-10-09,ios,paid_social,false
U003058,2026-01-02,ios,organic,false
U003059,2025-09-16,ios,press,false
U003060,2026-02-15,ios,paid_social,false
U003061,2026-03-29,android,organic,false
U003062,2026-02-12,android,referral,false
U003063,2025-11-22,android,organic,false
U003064,2026-05-20,ios,referral,false
U003065,2025-10-07,ios,paid_social,false
U003066,2026-01-08,android,referral,false
U003067,2025-11-30,ios,organic,false
U003068,2026-03-18,android,paid_social,false
U003069,2026-02-22,android,organic,false
U003070,2025-12-12,ios,organic,false
U003071,2026-04-18,android,organic,false
U003072,2026-05-26,ios,paid_social,false
U003073,2026-01-28,ios,organic,false
U003074,2026-05-18,ios,organic,false
U003075,2026-03-05,ios,organic,false
U003076,2025-12-01,android,paid_social,false
U003077,2026-05-04,ios,organic,false
U003078,2026-02-20,ios,paid_social,false
U003079,2026-05-12,ios,organic,false
U003080,2025-09-29,ios,paid_social,false
U003081,2026-04-25,android,organic,false
U003082,2025-12-28,ios,paid_social,false
U003083,2025-10-04,ios,paid_social,false
U003084,2025-10-22,android,organic,false
U003085,2026-02-23,android,press,false
U003086,2026-02-24,android,organic,false
U003087,2025-10-24,android,organic,false
U003088,2026-04-21,android,organic,false
U003089,2025-11-29,android,organic,false
U003090,2025-11-24,android,organic,false
U003091,2026-01-09,android,press,false
U003092,2026-05-02,ios,organic,false
U003093,2026-04-02,ios,paid_social,false
U003094,2026-04-09,ios,referral,false
U003095,2026-03-07,ios,press,false
U003096,2025-10-19,android,organic,false
U003097,2026-05-01,ios,organic,false
U003098,2026-01-08,android,organic,false
U003099,2026-02-02,ios,paid_social,false
U003100,2026-02-09,android,organic,false
U003101,2026-05-26,android,paid_social,false
U003102,2026-01-15,android,referral,false
U003103,2026-02-15,android,organic,false
U003104,2025-11-28,ios,organic,false
U003105,2026-04-08,android,organic,false
U003106,2025-11-19,ios,organic,false
U003107,2026-01-04,ios,organic,false
U003108,2026-02-28,ios,press,false
U003109,2025-09-22,ios,organic,false
U003110,2026-03-07,ios,referral,false
U003111,2025-10-13,ios,referral,false
U003112,2026-03-24,ios,paid_social,false
U003113,2026-02-26,android,paid_social,false
U003114,2025-11-08,android,paid_social,false
U003115,2026-04-27,android,press,false
U003116,2026-02-26,android,paid_social,false
U003117,2025-09-27,ios,referral,false
U003118,2025-11-13,android,paid_social,false
U003119,2025-11-09,android,referral,false
U003120,2025-09-14,ios,referral,false
U003121,2026-05-11,android,referral,false
U003122,2026-01-20,android,organic,false
U003123,2026-04-24,ios,organic,false
U003124,2026-02-08,android,organic,false
U003125,2025-09-15,android,paid_social,false
U003126,2026-02-09,ios,organic,false
U003127,2025-11-23,ios,organic,false
U003128,2025-11-22,ios,referral,false
U003129,2026-04-05,ios,organic,false
U003130,2026-03-26,android,organic,false
U003131,2026-03-12,android,organic,false
U003132,2026-05-24,android,referral,false
U003133,2026-01-09,android,organic,false
U003134,2026-05-17,android,organic,false
U003135,2026-02-05,android,organic,false
U003136,2026-01-17,android,organic,false
U003137,2026-03-31,ios,organic,false
U003138,2026-04-04,ios,organic,false
U003139,2025-10-13,android,organic,false
U003140,2026-02-07,android,paid_social,false
U003141,2026-04-22,ios,referral,false
U003142,2026-02-10,android,referral,false
U003143,2025-10-24,ios,paid_social,false
U003144,2025-10-12,ios,paid_social,false
U003145,2026-01-15,ios,paid_social,false
U003146,2025-10-08,android,paid_social,false
U003147,2026-05-06,ios,referral,false
U003148,2025-10-11,android,referral,false
U003149,2026-03-13,android,organic,false
U003150,2026-05-03,ios,referral,false
U003151,2026-05-19,ios,organic,false
U003152,2025-11-14,android,organic,false
U003153,2026-02-06,ios,paid_social,false
U003154,2026-03-23,ios,paid_social,false
U003155,2026-03-31,android,organic,false
U003156,2025-11-28,android,organic,false
U003157,2025-12-09,ios,paid_social,false
U003158,2025-11-27,android,organic,false
U003159,2026-05-08,ios,organic,false
U003160,2026-05-17,android,organic,false
U003161,2026-03-27,android,organic,false
U003162,2026-03-01,ios,organic,false
U003163,2025-10-02,android,referral,false
U003164,2025-09-05,ios,organic,false
U003165,2025-12-17,android,paid_social,false
U003166,2025-09-26,android,organic,false
U003167,2026-02-16,ios,organic,false
U003168,2025-10-20,ios,organic,false
U003169,2025-12-21,android,press,false
U003170,2026-03-14,android,organic,false
U003171,2025-10-19,android,organic,false
U003172,2025-09-01,ios,paid_social,false
U003173,2026-01-19,android,organic,false
U003174,2026-04-14,android,organic,false
U003175,2026-03-22,ios,organic,false
U003176,2025-10-08,ios,paid_social,false
U003177,2025-10-04,ios,paid_social,false
U003178,2026-05-01,ios,paid_social,false
U003179,2026-03-02,ios,organic,false
U003180,2026-04-27,android,organic,false
U003181,2026-02-19,ios,organic,false
U003182,2026-01-23,android,paid_social,false
U003183,2025-12-24,android,paid_social,false
U003184,2026-03-08,android,paid_social,false
U003185,2025-09-16,android,press,false
U003186,2025-09-22,ios,press,false
U003187,2026-04-20,ios,referral,false
U003188,2026-02-27,android,referral,false
U003189,2025-11-25,android,paid_social,false
U003190,2026-01-05,android,organic,false
U003191,2025-11-19,android,organic,false
U003192,2026-03-27,android,organic,false
U003193,2026-01-01,ios,organic,false
U003194,2025-12-07,android,referral,false
U003195,2025-09-02,android,paid_social,false
U003196,2025-10-27,ios,paid_social,false
U003197,2026-01-26,android,organic,false
U003198,2025-12-21,ios,organic,false
U003199,2026-01-16,android,paid_social,false
U003200,2026-01-23,android,paid_social,false
U003201,2025-11-30,ios,referral,false
U003202,2026-04-10,android,organic,false
U003203,2026-04-04,ios,organic,false
U003204,2026-02-11,ios,paid_social,false
U003205,2025-12-31,android,organic,false
U003206,2026-02-14,android,organic,false
U003207,2026-03-24,android,organic,false
U003208,2025-10-03,android,organic,false
U003209,2025-10-27,ios,organic,false
U003210,2026-02-03,ios,organic,false
U003211,2026-04-24,android,organic,false
U003212,2025-10-15,android,paid_social,false
U003213,2026-02-02,android,organic,false
U003214,2025-10-07,ios,referral,false
U003215,2025-09-27,android,organic,false
U003216,2026-04-21,android,organic,false
U003217,2025-09-23,ios,organic,false
U003218,2026-03-07,ios,referral,false
U003219,2025-10-14,ios,organic,false
U003220,2026-01-16,ios,referral,false
U003221,2026-03-19,ios,press,false
U003222,2026-03-30,android,paid_social,false
U003223,2026-03-09,ios,organic,false
U003224,2025-12-22,ios,press,false
U003225,2026-03-19,android,paid_social,false
U003226,2025-10-21,ios,referral,false
U003227,2025-12-17,android,paid_social,false
U003228,2026-03-21,android,referral,false
U003229,2026-04-08,android,paid_social,false
U003230,2026-02-08,android,press,false
U003231,2025-12-11,android,press,false
U003232,2026-02-09,ios,press,false
U003233,2025-11-06,ios,organic,false
U003234,2026-04-13,android,organic,false
U003235,2025-10-10,ios,press,false
U003236,2026-03-08,android,organic,false
U003237,2026-02-18,ios,paid_social,false
U003238,2026-03-28,android,press,false
U003239,2026-04-27,android,paid_social,false
U003240,2026-03-18,ios,referral,false
U003241,2026-05-07,android,paid_social,false
U003242,2025-11-07,android,referral,false
U003243,2026-02-01,android,organic,false
U003244,2026-02-26,android,organic,false
U003245,2025-10-11,android,organic,false
U003246,2026-03-15,ios,organic,false
U003247,2026-01-09,android,press,false
U003248,2025-12-22,ios,organic,false
U003249,2026-03-11,android,organic,false
U003250,2025-12-20,android,organic,false
U003251,2026-01-03,ios,organic,false
U003252,2026-05-23,android,referral,false
U003253,2025-09-07,android,paid_social,false
U003254,2026-04-04,ios,referral,false
U003255,2026-02-23,ios,organic,false
U003256,2025-12-22,ios,organic,false
U003257,2025-12-28,android,paid_social,false
U003258,2025-09-12,android,organic,false
U003259,2025-11-02,android,paid_social,false
U003260,2025-09-18,android,paid_social,false
U003261,2026-05-09,android,organic,false
U003262,2025-10-30,android,paid_social,false
U003263,2025-10-11,ios,organic,false
U003264,2025-11-25,ios,organic,false
U003265,2026-01-23,ios,press,false
U003266,2025-11-21,android,press,false
U003267,2026-04-20,ios,organic,false
U003268,2025-09-09,ios,paid_social,false
U003269,2025-09-20,ios,organic,false
U003270,2026-04-23,ios,organic,false
U003271,2025-09-04,ios,organic,false
U003272,2025-11-27,ios,paid_social,false
U003273,2026-01-28,android,organic,false
U003274,2026-02-12,android,paid_social,false
U003275,2026-03-09,android,paid_social,false
U003276,2025-12-20,ios,organic,false
U003277,2025-11-15,android,organic,false
U003278,2025-11-17,android,organic,false
U003279,2026-03-31,ios,organic,false
U003280,2026-03-04,android,press,false
U003281,2026-01-20,android,organic,false
U003282,2025-10-06,android,organic,false
U003283,2025-11-09,android,referral,false
U003284,2026-03-16,ios,paid_social,false
U003285,2026-01-20,android,organic,false
U003286,2026-01-07,ios,paid_social,false
U003287,2025-11-03,ios,organic,false
U003288,2025-09-09,ios,organic,false
U003289,2025-09-17,android,paid_social,false
U003290,2026-04-01,android,organic,false
U003291,2026-05-01,android,paid_social,false
U003292,2025-10-04,android,paid_social,false
U003293,2026-03-06,android,paid_social,false
U003294,2025-10-24,android,organic,false
U003295,2025-12-19,android,paid_social,false
U003296,2026-03-08,android,organic,false
U003297,2026-01-19,android,organic,false
U003298,2025-09-12,android,organic,false
U003299,2026-02-12,android,paid_social,false
U003300,2026-04-16,android,paid_social,false
U003301,2025-11-06,android,organic,false
U003302,2025-09-11,ios,paid_social,false
U003303,2026-03-13,android,referral,false
U003304,2025-11-15,ios,paid_social,false
U003305,2026-04-25,ios,organic,false
U003306,2025-09-30,ios,press,false
U003307,2025-10-30,android,organic,false
U003308,2025-11-25,android,organic,false
U003309,2026-03-29,ios,organic,false
U003310,2025-10-13,android,organic,false
U003311,2025-10-04,ios,paid_social,false
U003312,2026-01-14,ios,organic,false
U003313,2026-01-05,android,press,false
U003314,2026-03-18,android,referral,false
U003315,2025-12-29,android,press,false
U003316,2026-01-21,ios,paid_social,false
U003317,2026-01-05,android,organic,false
U003318,2026-05-12,ios,organic,false
U003319,2026-03-21,android,paid_social,false
U003320,2025-09-02,ios,organic,false
U003321,2025-10-23,android,organic,false
U003322,2026-05-09,ios,referral,false
U003323,2026-05-20,ios,referral,false
U003324,2026-04-22,android,organic,false
U003325,2025-12-12,android,organic,false
U003326,2025-09-08,ios,organic,false
U003327,2026-05-09,android,organic,false
U003328,2026-02-14,android,organic,false
U003329,2026-04-26,ios,paid_social,false
U003330,2026-05-23,android,organic,false
U003331,2026-05-24,android,organic,false
U003332,2026-02-01,ios,organic,false
U003333,2025-09-09,ios,press,false
U003334,2026-02-11,android,organic,false
U003335,2025-12-21,android,organic,false
U003336,2026-03-19,ios,organic,false
U003337,2026-01-18,android,paid_social,false
U003338,2025-09-06,ios,organic,false
U003339,2026-03-31,android,referral,false
U003340,2026-03-13,ios,organic,false
U003341,2026-05-06,ios,organic,false
U003342,2026-02-21,ios,organic,false
U003343,2026-04-10,ios,organic,false
U003344,2025-11-02,android,organic,false
U003345,2026-05-24,ios,organic,false
U003346,2025-09-06,android,organic,false
U003347,2026-03-07,android,referral,false
U003348,2025-10-21,android,organic,false
U003349,2026-04-08,ios,paid_social,false
U003350,2025-10-02,android,referral,false
U003351,2025-09-17,ios,organic,false
U003352,2025-09-11,android,paid_social,false
U003353,2026-04-11,android,paid_social,false
U003354,2025-12-05,ios,paid_social,false
U003355,2026-02-03,ios,press,false
U003356,2025-10-11,android,organic,false
U003357,2026-05-15,android,organic,false
U003358,2025-11-06,android,paid_social,false
U003359,2026-04-03,ios,referral,false
U003360,2026-04-30,android,referral,false
U003361,2025-10-05,android,press,false
U003362,2025-09-18,ios,referral,false
U003363,2026-05-05,android,referral,false
U003364,2026-05-23,android,organic,false
U003365,2026-04-30,android,organic,false
U003366,2026-04-25,ios,organic,false
U003367,2026-05-28,android,organic,false
U003368,2025-11-10,android,organic,false
U003369,2026-02-15,android,paid_social,false
U003370,2025-11-10,android,organic,false
U003371,2026-05-07,android,organic,false
U003372,2026-01-03,android,paid_social,false
U003373,2025-12-27,ios,paid_social,false
U003374,2025-11-23,ios,paid_social,false
U003375,2025-11-15,ios,organic,false
U003376,2026-03-19,ios,organic,false
U003377,2026-05-25,ios,organic,false
U003378,2025-11-12,android,organic,false
U003379,2026-04-09,android,press,false
U003380,2026-04-26,android,organic,false
U003381,2026-02-27,ios,organic,false
U003382,2025-10-06,android,organic,false
U003383,2026-03-11,ios,paid_social,false
U003384,2026-05-16,ios,organic,false
U003385,2025-12-22,android,paid_social,false
U003386,2026-03-30,android,organic,false
U003387,2026-01-02,ios,organic,false
U003388,2026-02-15,android,organic,false
U003389,2025-11-13,ios,organic,false
U003390,2026-03-04,android,referral,false
U003391,2026-01-22,ios,paid_social,false
U003392,2026-05-16,ios,organic,false
U003393,2025-10-23,ios,press,false
U003394,2025-12-02,ios,press,false
U003395,2026-02-10,ios,paid_social,false
U003396,2025-10-26,android,paid_social,false
U003397,2026-02-08,android,referral,false
U003398,2026-02-28,ios,organic,false
U003399,2026-02-09,android,organic,false
U003400,2026-03-23,android,organic,false
U003401,2025-11-23,android,press,false
U003402,2025-09-27,android,organic,false
U003403,2026-01-14,android,press,false
U003404,2026-02-09,android,organic,false
U003405,2025-10-24,ios,organic,false
U003406,2026-02-22,android,organic,false
U003407,2026-02-09,android,paid_social,false
U003408,2025-12-08,android,paid_social,false
U003409,2025-11-25,android,press,false
U003410,2025-12-20,ios,referral,false
U003411,2025-11-03,android,organic,false
U003412,2025-11-13,android,press,false
U003413,2025-11-28,ios,organic,false
U003414,2026-05-05,android,paid_social,false
U003415,2026-03-31,android,organic,false
U003416,2026-04-04,android,organic,false
U003417,2026-01-28,ios,organic,false
U003418,2026-01-03,android,referral,false
U003419,2026-04-28,android,organic,false
U003420,2026-02-24,android,organic,false
U003421,2025-09-05,android,organic,false
U003422,2025-10-13,android,paid_social,false
U003423,2026-03-26,ios,organic,false
U003424,2026-04-20,android,referral,false
U003425,2026-02-23,ios,organic,false
U003426,2026-04-09,android,organic,false
U003427,2026-01-13,ios,press,false
U003428,2026-04-28,ios,referral,false
U003429,2025-12-08,ios,paid_social,false
U003430,2026-01-13,ios,press,false
U003431,2026-02-08,android,paid_social,false
U003432,2025-09-23,android,organic,false
U003433,2025-10-05,android,paid_social,false
U003434,2026-05-07,android,organic,false
U003435,2026-01-15,ios,organic,false
U003436,2025-11-13,ios,organic,false
U003437,2026-02-15,android,organic,false
U003438,2026-03-16,android,paid_social,false
U003439,2026-01-21,ios,referral,false
U003440,2026-04-13,android,paid_social,false
U003441,2026-02-26,android,paid_social,false
U003442,2026-03-28,ios,organic,false
U003443,2026-02-09,ios,organic,false
U003444,2025-11-17,android,press,false
U003445,2026-04-10,android,referral,false
U003446,2026-02-14,android,organic,false
U003447,2026-01-03,ios,organic,false
U003448,2026-03-27,ios,organic,false
U003449,2026-03-22,android,organic,false
U003450,2025-09-16,ios,referral,false
U003451,2025-12-02,ios,organic,false
U003452,2026-01-23,ios,paid_social,false
U003453,2025-09-04,android,paid_social,false
U003454,2026-01-16,android,paid_social,false
U003455,2025-09-30,android,organic,false
U003456,2026-01-09,ios,organic,false
U003457,2026-02-11,ios,paid_social,false
U003458,2026-04-20,ios,organic,false
U003459,2025-10-14,ios,paid_social,false
U003460,2026-03-31,android,press,false
U003461,2025-11-12,android,organic,false
U003462,2025-10-04,android,referral,false
U003463,2025-10-09,android,organic,false
U003464,2025-09-19,android,organic,false
U003465,2025-09-13,android,press,false
U003466,2026-01-16,ios,referral,false
U003467,2026-04-23,android,referral,false
U003468,2025-12-25,android,organic,false
U003469,2025-10-29,ios,organic,false
U003470,2025-11-01,android,organic,false
U003471,2025-10-30,android,referral,false
U003472,2026-05-10,ios,paid_social,false
U003473,2026-05-11,android,paid_social,false
U003474,2025-12-28,android,organic,false
U003475,2026-05-21,ios,paid_social,false
U003476,2025-11-22,ios,organic,false
U003477,2026-04-05,android,organic,false
U003478,2025-09-25,ios,organic,false
U003479,2026-01-21,ios,organic,false
U003480,2026-04-13,android,organic,false
U003481,2025-09-14,android,organic,false
U003482,2025-10-27,android,organic,false
U003483,2026-04-09,ios,paid_social,false
U003484,2026-04-20,ios,paid_social,false
U003485,2026-01-10,ios,organic,false
U003486,2026-02-09,android,organic,false
U003487,2026-05-08,android,organic,false
U003488,2026-04-15,ios,organic,false
U003489,2025-09-30,android,referral,false
U003490,2026-02-19,ios,organic,false
U003491,2026-05-13,android,organic,false
U003492,2026-03-30,ios,organic,false
U003493,2025-11-27,android,referral,false
U003494,2026-02-24,android,press,false
U003495,2025-12-09,android,referral,false
U003496,2026-03-24,android,organic,false
U003497,2025-11-14,android,organic,false
U003498,2026-03-24,android,organic,false
U003499,2026-03-04,android,press,false
U003500,2026-01-22,ios,organic,false
U003501,2026-03-14,ios,organic,false
U003502,2026-02-19,android,organic,false
U003503,2026-02-18,ios,organic,false
U003504,2026-04-04,android,press,false
U003505,2026-01-09,android,organic,false
U003506,2025-09-16,ios,referral,false
U003507,2026-02-13,android,organic,false
U003508,2025-10-29,ios,organic,false
U003509,2026-05-04,android,organic,false
U003510,2026-03-25,android,paid_social,false
U003511,2025-11-19,ios,organic,false
U003512,2026-04-24,android,referral,false
U003513,2026-01-21,android,paid_social,false
U003514,2025-12-13,android,referral,false
U003515,2026-02-10,android,paid_social,false
U003516,2025-12-11,android,referral,false
U003517,2026-03-29,android,paid_social,false
U003518,2025-10-20,android,organic,false
U003519,2026-03-20,android,referral,false
U003520,2026-05-10,ios,paid_social,false
U003521,2025-11-01,android,organic,false
U003522,2026-03-25,android,referral,false
U003523,2025-09-12,android,referral,false
U003524,2026-04-08,android,paid_social,false
U003525,2026-01-27,ios,organic,false
U003526,2026-03-23,android,organic,false
U003527,2025-09-03,android,paid_social,false
U003528,2026-01-31,android,organic,false
U003529,2025-10-17,android,paid_social,false
U003530,2025-10-12,android,paid_social,false
U003531,2026-05-20,ios,press,false
U003532,2025-10-30,android,organic,false
U003533,2025-09-03,android,referral,false
U003534,2026-04-20,ios,organic,false
U003535,2026-01-25,android,organic,false
U003536,2026-03-30,android,organic,false
U003537,2026-04-08,android,press,false
U003538,2025-11-01,ios,organic,false
U003539,2025-11-16,ios,organic,false
U003540,2025-10-19,android,organic,false
U003541,2025-12-29,ios,organic,false
U003542,2025-09-01,android,paid_social,false
U003543,2026-05-14,ios,referral,false
U003544,2025-11-13,ios,organic,false
U003545,2026-04-20,ios,referral,false
U003546,2025-12-26,android,organic,false
U003547,2026-02-24,android,organic,false
U003548,2025-10-16,ios,organic,false
U003549,2026-04-22,ios,organic,false
U003550,2026-05-23,ios,paid_social,false
U003551,2025-11-25,android,organic,false
U003552,2025-09-28,ios,organic,false
U003553,2026-04-28,android,paid_social,false
U003554,2026-05-14,android,paid_social,false
U003555,2025-09-30,android,organic,false
U003556,2026-05-11,android,organic,false
U003557,2025-10-28,ios,organic,false
U003558,2026-02-02,android,organic,false
U003559,2026-01-23,android,paid_social,false
U003560,2026-01-10,android,organic,false
U003561,2026-01-11,ios,paid_social,false
U003562,2026-03-30,ios,referral,false
U003563,2026-02-07,android,referral,false
U003564,2026-04-13,android,organic,false
U003565,2026-01-29,android,organic,false
U003566,2026-01-10,ios,referral,false
U003567,2026-01-10,ios,referral,false
U003568,2026-02-18,android,referral,false
U003569,2025-11-14,ios,organic,false
U003570,2025-10-05,android,press,false
U003571,2026-03-08,android,organic,false
U003572,2025-11-29,ios,paid_social,false
U003573,2026-01-30,android,press,false
U003574,2026-04-15,android,organic,false
U003575,2026-02-03,android,organic,false
U003576,2026-04-24,android,organic,false
U003577,2025-11-19,ios,organic,false
U003578,2026-03-11,android,organic,false
U003579,2026-02-26,android,organic,false
U003580,2025-10-02,android,paid_social,false
U003581,2026-05-16,android,paid_social,false
U003582,2026-05-28,android,paid_social,false
U003583,2026-03-06,ios,organic,false
U003584,2025-09-18,ios,organic,false
U003585,2025-11-18,android,organic,false
U003586,2026-04-12,android,paid_social,false
U003587,2026-03-26,android,referral,false
U003588,2026-04-23,ios,referral,false
U003589,2025-09-30,ios,organic,false
U003590,2025-09-10,android,organic,false
U003591,2026-02-03,ios,paid_social,false
U003592,2025-12-27,android,organic,false
U003593,2026-03-29,android,organic,false
U003594,2026-04-14,ios,paid_social,false
U003595,2025-09-07,android,paid_social,false
U003596,2025-11-09,ios,organic,false
U003597,2026-01-17,android,organic,false
U003598,2026-01-26,ios,referral,false
U003599,2025-10-21,ios,organic,false
U003600,2025-11-08,android,organic,false
U003601,2026-03-11,android,paid_social,false
U003602,2025-10-09,android,paid_social,false
U003603,2025-10-09,ios,paid_social,false
U003604,2026-03-03,android,organic,false
U003605,2026-05-10,android,referral,false
U003606,2025-11-24,ios,organic,false
U003607,2025-09-18,android,paid_social,false
U003608,2026-03-29,android,referral,false
U003609,2025-12-11,ios,press,false
U003610,2025-12-06,android,paid_social,false
U003611,2026-02-03,ios,organic,false
U003612,2026-04-23,ios,referral,false
U003613,2026-04-11,android,organic,false
U003614,2026-03-09,android,organic,false
U003615,2026-03-08,android,press,false
U003616,2026-02-12,android,paid_social,false
U003617,2025-11-29,android,organic,false
U003618,2025-09-16,ios,paid_social,false
U003619,2025-10-23,android,organic,false
U003620,2025-12-06,android,press,false
U003621,2026-01-31,ios,referral,false
U003622,2025-09-03,android,referral,false
U003623,2025-09-05,android,organic,false
U003624,2026-05-23,android,organic,false
U003625,2025-11-01,android,organic,false
U003626,2025-11-18,android,paid_social,false
U003627,2026-02-10,android,organic,false
U003628,2025-11-28,ios,paid_social,false
U003629,2025-10-04,android,paid_social,false
U003630,2026-05-06,android,referral,false
U003631,2026-01-31,ios,organic,false
U003632,2025-10-27,android,press,false
U003633,2025-09-13,android,organic,false
U003634,2025-09-25,android,organic,false
U003635,2026-05-19,ios,organic,false
U003636,2025-11-05,ios,referral,false
U003637,2026-02-22,android,organic,false
U003638,2025-10-18,android,organic,false
U003639,2026-01-23,ios,organic,false
U003640,2025-12-23,ios,paid_social,false
U003641,2025-12-14,ios,organic,false
U003642,2026-01-21,android,paid_social,false
U003643,2026-03-10,android,organic,false
U003644,2025-10-17,android,organic,false
U003645,2026-04-02,android,organic,false
U003646,2026-02-08,ios,paid_social,false
U003647,2025-10-05,ios,organic,false
U003648,2025-09-05,ios,organic,false
U003649,2025-11-24,ios,organic,false
U003650,2025-09-26,android,organic,false
U003651,2026-02-20,ios,organic,false
U003652,2026-03-04,android,press,false
U003653,2026-04-27,ios,organic,false
U003654,2026-03-01,ios,paid_social,false
U003655,2026-01-18,android,paid_social,false
U003656,2026-04-07,ios,organic,false
U003657,2026-02-26,ios,organic,false
U003658,2026-05-06,ios,organic,false
U003659,2025-09-24,android,organic,false
U003660,2026-03-01,ios,organic,false
U003661,2026-02-16,android,organic,false
U003662,2026-05-17,android,referral,false
U003663,2026-02-07,android,referral,false
U003664,2025-10-10,ios,organic,false
U003665,2026-03-19,ios,organic,false
U003666,2025-10-22,ios,organic,false
U003667,2025-09-25,ios,press,false
U003668,2025-11-03,ios,paid_social,false
U003669,2026-03-15,android,organic,false
U003670,2026-03-31,ios,organic,false
U003671,2026-05-02,ios,organic,false
U003672,2025-11-25,ios,press,false
U003673,2025-09-24,ios,paid_social,false
U003674,2026-05-20,android,organic,false
U003675,2026-01-23,android,paid_social,false
U003676,2026-04-13,android,paid_social,false
U003677,2025-09-08,ios,referral,false
U003678,2026-01-31,android,organic,false
U003679,2025-10-07,android,organic,false
U003680,2026-01-28,android,paid_social,false
U003681,2025-11-16,android,paid_social,false
U003682,2026-03-30,android,referral,false
U003683,2025-11-15,ios,organic,false
U003684,2026-01-17,android,organic,false
U003685,2026-02-07,ios,organic,false
U003686,2026-01-16,ios,organic,false
U003687,2025-12-07,android,organic,false
U003688,2025-10-22,android,organic,false
U003689,2026-04-11,android,organic,false
U003690,2026-05-20,ios,referral,false
U003691,2026-03-06,ios,referral,false
U003692,2025-11-30,android,organic,false
U003693,2026-03-08,android,organic,false
U003694,2026-02-06,android,referral,false
U003695,2026-05-22,android,referral,false
U003696,2026-05-21,android,organic,false
U003697,2026-03-05,android,organic,false
U003698,2026-04-16,ios,organic,false
U003699,2025-11-14,ios,paid_social,false
U003700,2026-02-17,android,organic,false
U003701,2025-12-07,android,paid_social,false
U003702,2026-04-11,android,referral,false
U003703,2026-03-29,android,organic,false
U003704,2025-10-06,android,referral,false
U003705,2026-04-27,ios,press,false
U003706,2026-02-23,ios,paid_social,false
U003707,2026-02-14,android,referral,false
U003708,2026-03-25,ios,organic,false
U003709,2025-10-06,ios,press,false
U003710,2026-05-09,ios,organic,false
U003711,2026-05-04,android,paid_social,false
U003712,2025-10-31,android,paid_social,false
U003713,2026-01-05,android,organic,false
U003714,2025-11-08,ios,organic,false
U003715,2025-11-08,android,paid_social,false
U003716,2026-03-06,android,organic,false
U003717,2026-01-17,android,organic,false
U003718,2026-03-23,android,press,false
U003719,2026-05-27,android,referral,false
U003720,2026-02-15,ios,organic,false
U003721,2026-01-21,ios,organic,false
U003722,2025-09-20,android,organic,false
U003723,2026-02-12,android,organic,false
U003724,2026-01-08,ios,organic,false
U003725,2026-05-25,ios,organic,false
U003726,2025-11-03,ios,organic,false
U003727,2025-10-12,android,press,false
U003728,2025-09-21,android,organic,false
U003729,2025-10-15,ios,referral,false
U003730,2026-01-03,ios,organic,false
U003731,2026-03-18,ios,paid_social,false
U003732,2025-09-15,android,press,false
U003733,2026-05-22,ios,organic,false
U003734,2026-01-25,android,organic,false
U003735,2026-02-20,android,paid_social,false
U003736,2025-09-10,android,paid_social,false
U003737,2025-10-03,ios,press,false
U003738,2025-09-21,android,organic,false
U003739,2025-10-06,android,organic,false
U003740,2026-01-24,ios,referral,false
U003741,2025-10-11,android,paid_social,false
U003742,2025-11-05,ios,referral,false
U003743,2025-09-02,android,paid_social,false
U003744,2025-12-15,android,paid_social,false
U003745,2026-01-16,android,organic,false
U003746,2025-12-10,ios,paid_social,false
U003747,2026-05-19,android,organic,false
U003748,2026-05-17,ios,referral,false
U003749,2026-01-07,android,referral,false
U003750,2025-12-01,ios,referral,false
U003751,2025-09-08,android,paid_social,false
U003752,2025-10-17,android,press,false
U003753,2025-10-01,android,organic,false
U003754,2025-10-30,android,referral,false
U003755,2025-10-09,ios,organic,false
U003756,2026-03-20,ios,organic,false
U003757,2025-10-02,android,organic,false
U003758,2026-01-15,android,organic,false
U003759,2025-10-18,android,press,false
U003760,2025-09-15,android,organic,false
U003761,2026-02-27,android,organic,false
U003762,2026-05-17,android,organic,false
U003763,2025-12-07,android,press,false
U003764,2026-03-08,ios,organic,false
U003765,2025-12-13,android,referral,false
U003766,2025-11-25,ios,press,false
U003767,2026-01-12,ios,organic,false
U003768,2026-03-12,ios,organic,false
U003769,2026-05-22,ios,organic,false
U003770,2025-12-20,android,organic,false
U003771,2026-02-13,ios,paid_social,false
U003772,2025-09-29,ios,organic,false
U003773,2026-03-12,android,paid_social,false
U003774,2026-05-02,ios,organic,false
U003775,2026-03-10,android,paid_social,false
U003776,2025-10-21,android,organic,false
U003777,2026-01-25,ios,paid_social,false
U003778,2025-09-19,android,organic,false
U003779,2025-10-15,ios,organic,false
U003780,2025-10-15,ios,organic,false
U003781,2025-12-03,ios,referral,false
U003782,2025-09-30,android,paid_social,false
U003783,2025-12-12,android,referral,false
U003784,2026-02-14,android,organic,false
U003785,2025-09-08,ios,organic,false
U003786,2026-04-16,ios,organic,false
U003787,2026-02-14,android,press,false
U003788,2025-10-29,android,referral,false
U003789,2026-02-28,android,paid_social,false
U003790,2025-10-24,ios,organic,false
U003791,2026-03-16,android,paid_social,false
U003792,2026-02-08,android,organic,false
U003793,2025-09-04,ios,organic,false
U003794,2025-12-28,ios,referral,false
U003795,2026-04-19,ios,organic,false
U003796,2026-01-16,ios,paid_social,false
U003797,2026-02-20,ios,organic,false
U003798,2026-01-28,android,organic,false
U003799,2026-04-03,android,organic,false
U003800,2026-02-23,android,organic,false
U003801,2026-04-24,android,organic,false
U003802,2025-09-21,android,organic,false
U003803,2025-09-05,ios,organic,false
U003804,2025-11-18,android,paid_social,false
U003805,2026-04-08,android,referral,false
U003806,2025-12-11,android,paid_social,false
U003807,2025-12-24,ios,organic,false
U003808,2026-05-14,android,referral,false
U003809,2026-01-16,android,organic,false
U003810,2026-01-06,android,organic,false
U003811,2026-02-22,ios,paid_social,false
U003812,2026-04-29,android,referral,false
U003813,2026-03-29,ios,paid_social,false
U003814,2026-03-30,ios,press,false
U003815,2026-03-25,android,paid_social,false
U003816,2026-05-21,android,organic,false
U003817,2026-02-02,ios,organic,false
U003818,2025-10-26,ios,paid_social,false
U003819,2026-01-09,ios,paid_social,false
U003820,2025-10-28,android,organic,false
U003821,2026-01-04,ios,press,false
U003822,2026-03-04,ios,organic,false
U003823,2025-10-12,android,referral,false
U003824,2026-04-28,ios,paid_social,false
U003825,2026-03-10,android,paid_social,false
U003826,2026-01-01,ios,press,false
U003827,2026-05-10,android,referral,false
U003828,2025-10-09,android,organic,false
U003829,2026-03-02,android,paid_social,false
U003830,2025-12-08,android,paid_social,false
U003831,2025-12-28,android,organic,false
U003832,2025-12-11,android,organic,false
U003833,2026-05-11,android,organic,false
U003834,2026-02-05,android,press,false
U003835,2026-01-04,android,referral,false
U003836,2026-01-15,android,organic,false
U003837,2025-12-13,android,organic,false
U003838,2025-10-08,android,press,false
U003839,2025-11-24,ios,paid_social,false
U003840,2026-04-16,android,organic,false
U003841,2026-04-10,android,organic,false
U003842,2026-01-13,ios,organic,false
U003843,2026-05-14,android,paid_social,false
U003844,2026-04-01,android,organic,false
U003845,2025-12-25,android,paid_social,false
U003846,2025-12-24,ios,paid_social,false
U003847,2025-11-23,ios,organic,false
U003848,2025-10-13,android,organic,false
U003849,2025-10-20,android,referral,false
U003850,2026-02-12,ios,organic,false
U003851,2026-03-20,android,press,false
U003852,2025-11-25,ios,organic,false
U003853,2026-02-21,ios,organic,false
U003854,2026-05-18,ios,referral,false
U003855,2026-01-05,android,paid_social,false
U003856,2025-11-11,android,paid_social,false
U003857,2025-11-15,ios,organic,false
U003858,2025-09-02,ios,organic,false
U003859,2026-02-25,android,paid_social,false
U003860,2025-09-24,android,organic,false
U003861,2026-01-26,android,paid_social,false
U003862,2026-05-08,android,organic,false
U003863,2026-05-03,android,organic,false
U003864,2025-12-25,ios,press,false
U003865,2025-12-19,android,organic,false
U003866,2025-10-12,ios,referral,false
U003867,2026-01-02,android,referral,false
U003868,2026-04-08,android,paid_social,false
U003869,2026-02-05,android,paid_social,false
U003870,2026-03-28,android,organic,false
U003871,2025-11-08,ios,paid_social,false
U003872,2025-09-24,ios,paid_social,false
U003873,2026-02-23,android,paid_social,false
U003874,2026-01-29,ios,referral,false
U003875,2026-03-16,android,organic,false
U003876,2026-02-01,android,organic,false
U003877,2026-01-21,android,organic,false
U003878,2026-05-11,android,organic,false
U003879,2026-01-01,ios,organic,false
U003880,2026-04-04,android,paid_social,false
U003881,2026-01-17,ios,organic,false
U003882,2025-10-28,android,organic,false
U003883,2025-10-09,android,referral,false
U003884,2026-04-20,android,organic,false
U003885,2026-01-03,ios,organic,false
U003886,2026-03-14,ios,organic,false
U003887,2026-05-23,ios,paid_social,false
U003888,2026-01-04,android,organic,false
U003889,2025-12-27,ios,paid_social,false
U003890,2025-11-20,android,referral,false
U003891,2026-01-05,android,organic,false
U003892,2025-10-20,ios,organic,false
U003893,2025-12-09,android,organic,false
U003894,2025-11-09,ios,referral,false
U003895,2025-10-09,ios,press,false
U003896,2025-10-14,ios,organic,false
U003897,2025-11-30,ios,organic,false
U003898,2025-10-19,android,press,false
U003899,2026-04-22,ios,paid_social,false
U003900,2026-01-08,android,organic,false
U003901,2025-09-01,android,paid_social,false
U003902,2025-09-21,ios,paid_social,false
U003903,2026-03-27,android,organic,false
U003904,2026-05-01,ios,paid_social,false
U003905,2026-02-15,ios,organic,false
U003906,2026-02-15,ios,referral,false
U003907,2025-12-05,ios,organic,false
U003908,2025-10-01,ios,organic,false
U003909,2025-11-12,ios,paid_social,false
U003910,2026-04-15,ios,organic,false
U003911,2026-04-01,ios,organic,false
U003912,2025-12-22,ios,paid_social,false
U003913,2025-12-12,ios,organic,false
U003914,2026-03-29,ios,paid_social,false
U003915,2026-01-12,ios,organic,false
U003916,2025-11-19,android,organic,false
U003917,2025-11-07,ios,press,false
U003918,2025-10-29,android,organic,false
U003919,2025-11-13,android,organic,false
U003920,2025-12-03,android,paid_social,false
U003921,2026-05-17,android,referral,false
U003922,2026-04-22,ios,referral,false
U003923,2025-12-05,ios,referral,false
U003924,2026-03-03,ios,organic,false
U003925,2025-10-07,ios,organic,false
U003926,2026-03-11,android,organic,false
U003927,2025-11-30,android,organic,false
U003928,2026-04-18,android,organic,false
U003929,2025-11-08,ios,press,false
U003930,2025-10-30,android,organic,false
U003931,2026-02-05,ios,organic,false
U003932,2025-11-10,android,organic,false
U003933,2025-09-20,ios,organic,false
U003934,2025-12-02,android,referral,false
U003935,2025-09-07,ios,organic,false
U003936,2026-05-24,android,organic,false
U003937,2026-05-26,ios,press,false
U003938,2025-11-27,android,referral,false
U003939,2026-03-09,ios,organic,false
U003940,2025-11-19,android,paid_social,false
U003941,2025-12-19,android,organic,false
U003942,2026-05-10,android,paid_social,false
U003943,2025-12-03,android,organic,false
U003944,2026-05-13,ios,organic,false
U003945,2025-11-04,android,organic,false
U003946,2026-05-14,ios,organic,false
U003947,2026-05-28,android,organic,false
U003948,2026-03-26,android,organic,false
U003949,2026-01-18,ios,paid_social,false
U003950,2025-11-13,ios,organic,false
U003951,2025-10-21,android,organic,false
U003952,2026-02-04,ios,paid_social,false
U003953,2026-02-02,ios,organic,false
U003954,2025-10-21,android,paid_social,false
U003955,2026-03-24,android,organic,false
U003956,2025-10-26,ios,organic,false
U003957,2026-04-01,android,organic,false
U003958,2026-04-12,android,referral,false
U003959,2026-01-31,ios,organic,false
U003960,2026-05-15,ios,organic,false
U003961,2025-09-28,android,referral,false
U003962,2025-12-24,android,organic,false
U003963,2026-01-09,android,organic,false
U003964,2026-02-07,android,organic,false
U003965,2025-09-06,android,press,false
U003966,2025-10-19,android,organic,false
U003967,2025-12-31,ios,organic,false
U003968,2025-11-16,ios,organic,false
U003969,2026-02-08,android,referral,false
U003970,2026-02-13,ios,paid_social,false
U003971,2026-03-18,android,organic,false
U003972,2026-04-06,ios,paid_social,false
U003973,2025-12-01,ios,organic,false
U003974,2026-03-27,ios,organic,false
U003975,2025-11-29,android,organic,false
U003976,2026-02-11,android,organic,false
U003977,2025-10-30,android,organic,false
U003978,2026-04-23,ios,paid_social,false
U003979,2025-11-07,ios,referral,false
U003980,2025-10-09,ios,paid_social,false
U003981,2026-03-24,android,paid_social,false
U003982,2026-05-19,android,organic,false
U003983,2025-11-26,android,press,false
U003984,2026-01-04,android,organic,false
U003985,2026-04-20,android,press,false
U003986,2026-04-09,android,press,false
U003987,2025-10-24,android,organic,false
U003988,2025-12-23,ios,press,false
U003989,2025-12-14,android,press,false
U003990,2025-12-04,ios,press,false
U003991,2026-02-04,android,organic,false
U003992,2025-12-22,ios,organic,false
U003993,2026-02-02,ios,organic,false
U003994,2025-10-15,android,organic,false
U003995,2026-04-08,ios,paid_social,false
U003996,2025-12-04,android,paid_social,false
U003997,2026-02-21,ios,paid_social,false
U003998,2026-04-17,ios,organic,false
U003999,2025-11-20,ios,organic,false
U004000,2026-04-22,android,referral,false
U004001,2025-12-22,ios,paid_social,false
U004002,2025-10-19,android,referral,false
U004003,2025-12-08,android,organic,false
U004004,2026-01-08,android,organic,false
U004005,2026-05-14,android,paid_social,false
U004006,2025-09-23,ios,organic,false
U004007,2026-01-05,ios,referral,false
U004008,2025-10-23,android,organic,false
U004009,2025-10-19,android,paid_social,false
U004010,2025-10-26,android,organic,false
U004011,2026-03-30,android,organic,false
U004012,2026-03-02,android,paid_social,false
U004013,2026-04-04,android,referral,false
U004014,2026-02-03,android,organic,false
U004015,2026-04-17,ios,organic,false
U004016,2025-11-17,android,press,false
U004017,2025-10-19,android,organic,false
U004018,2025-09-15,ios,organic,false
U004019,2025-11-16,ios,organic,false
U004020,2026-04-14,android,organic,false
U004021,2026-05-05,android,paid_social,false
U004022,2025-11-16,ios,organic,false
U004023,2026-01-21,android,press,false
U004024,2025-09-24,ios,referral,false
U004025,2026-02-28,ios,press,false
U004026,2025-11-04,android,paid_social,false
U004027,2026-05-09,android,organic,false
U004028,2026-01-11,ios,organic,false
U004029,2025-12-24,ios,organic,false
U004030,2026-03-25,ios,press,false
U004031,2026-01-09,android,organic,false
U004032,2025-09-27,android,organic,false
U004033,2025-12-26,android,press,false
U004034,2026-01-17,android,organic,false
U004035,2025-09-02,android,paid_social,false
U004036,2025-12-31,android,referral,false
U004037,2026-04-13,ios,referral,false
U004038,2026-02-15,android,paid_social,false
U004039,2026-01-03,ios,referral,false
U004040,2025-11-20,android,paid_social,false
U004041,2025-11-06,ios,press,false
U004042,2025-11-26,ios,paid_social,false
U004043,2025-09-11,android,press,false
U004044,2025-10-01,android,organic,false
U004045,2026-01-24,ios,organic,false
U004046,2026-02-19,android,organic,false
U004047,2025-09-27,ios,referral,false
U004048,2026-04-13,ios,paid_social,false
U004049,2025-11-10,android,organic,false
U004050,2026-01-29,ios,organic,false
U004051,2026-03-02,ios,paid_social,false
U004052,2026-01-20,android,organic,false
U004053,2026-04-02,ios,organic,false
U004054,2026-05-09,ios,organic,false
U004055,2025-11-20,android,paid_social,false
U004056,2026-02-28,ios,organic,false
U004057,2025-10-25,ios,organic,false
U004058,2025-09-24,ios,press,false
U004059,2026-04-09,android,paid_social,false
U004060,2026-04-30,ios,organic,false
U004061,2025-10-02,ios,paid_social,false
U004062,2026-05-11,ios,paid_social,false
U004063,2026-01-12,ios,organic,false
U004064,2026-01-29,ios,organic,false
U004065,2025-10-16,android,organic,false
U004066,2026-02-25,android,organic,false
U004067,2026-03-16,android,paid_social,false
U004068,2026-01-06,android,paid_social,false
U004069,2025-10-06,ios,organic,false
U004070,2025-12-26,android,organic,false
U004071,2025-09-23,ios,organic,false
U004072,2025-09-08,ios,organic,false
U004073,2026-01-20,android,paid_social,false
U004074,2025-10-12,android,organic,false
U004075,2025-11-01,ios,referral,false
U004076,2026-04-21,android,referral,false
U004077,2026-03-05,ios,organic,false
U004078,2026-05-10,android,referral,false
U004079,2025-09-08,ios,paid_social,false
U004080,2025-10-25,android,press,false
U004081,2026-01-11,ios,organic,false
U004082,2025-10-01,android,organic,false
U004083,2026-02-18,android,organic,false
U004084,2025-12-14,android,organic,false
U004085,2025-12-08,ios,organic,false
U004086,2026-04-19,android,press,false
U004087,2026-04-29,ios,organic,false
U004088,2025-10-11,android,paid_social,false
U004089,2026-01-27,ios,organic,false
U004090,2026-05-05,ios,organic,false
U004091,2025-11-06,android,press,false
U004092,2025-12-13,android,referral,false
U004093,2026-03-02,ios,organic,false
U004094,2025-09-11,android,organic,false
U004095,2026-02-27,ios,press,false
U004096,2025-12-29,ios,organic,false
U004097,2025-12-02,android,referral,false
U004098,2026-03-28,android,organic,false
U004099,2025-12-21,ios,referral,false
U004100,2026-05-15,android,organic,false
U004101,2026-01-22,ios,organic,false
U004102,2026-01-30,android,referral,false
U004103,2026-05-26,android,press,false
U004104,2026-03-23,ios,organic,false
U004105,2025-10-03,ios,paid_social,false
U004106,2025-09-19,ios,organic,false
U004107,2025-11-02,android,organic,false
U004108,2025-09-13,ios,organic,false
U004109,2026-05-14,ios,referral,false
U004110,2026-04-26,ios,organic,false
U004111,2026-01-26,ios,paid_social,false
U004112,2026-04-20,android,organic,false
U004113,2026-02-20,ios,press,false
U004114,2025-11-11,ios,paid_social,false
U004115,2025-11-05,ios,referral,false
U004116,2025-11-22,android,paid_social,false
U004117,2025-12-27,android,organic,false
U004118,2026-05-28,ios,referral,false
U004119,2026-03-19,android,paid_social,false
U004120,2025-10-01,android,organic,false
U004121,2026-03-20,ios,paid_social,false
U004122,2026-02-25,ios,paid_social,false
U004123,2025-09-04,ios,referral,false
U004124,2026-04-05,android,press,false
U004125,2026-05-04,android,referral,false
U004126,2026-05-01,android,organic,false
U004127,2025-09-20,ios,referral,false
U004128,2025-10-06,android,referral,false
U004129,2025-12-01,android,paid_social,false
U004130,2026-02-01,ios,organic,false
U004131,2026-04-19,android,paid_social,false
U004132,2025-09-15,ios,paid_social,false
U004133,2026-02-13,android,organic,false
U004134,2026-01-18,ios,organic,false
U004135,2026-04-19,android,organic,false
U004136,2025-11-12,ios,paid_social,false
U004137,2026-01-04,android,organic,false
U004138,2026-01-12,ios,paid_social,false
U004139,2025-10-01,ios,referral,false
U004140,2026-01-03,ios,organic,false
U004141,2026-01-26,android,press,false
U004142,2026-05-22,ios,paid_social,false
U004143,2025-09-10,ios,organic,false
U004144,2025-10-03,android,organic,false
U004145,2026-05-13,android,organic,false
U004146,2026-02-16,android,organic,false
U004147,2025-10-13,android,referral,false
U004148,2026-01-13,ios,paid_social,false
U004149,2026-05-24,ios,organic,false
U004150,2025-11-21,ios,paid_social,false
U004151,2026-03-20,android,organic,false
U004152,2026-02-14,ios,organic,false
U004153,2026-02-02,ios,organic,false
U004154,2025-09-18,ios,organic,false
U004155,2025-09-19,android,paid_social,false
U004156,2025-12-21,ios,press,false
U004157,2025-12-29,android,paid_social,false
U004158,2026-01-21,ios,organic,false
U004159,2026-05-12,ios,paid_social,false
U004160,2025-12-02,android,paid_social,false
U004161,2025-12-31,ios,organic,false
U004162,2026-05-22,android,referral,false
U004163,2025-12-14,ios,organic,false
U004164,2025-10-09,android,paid_social,false
U004165,2026-05-11,android,organic,false
U004166,2026-02-21,android,referral,false
U004167,2025-09-14,android,organic,false
U004168,2025-11-05,android,organic,false
U004169,2025-11-22,ios,organic,false
U004170,2026-05-21,android,press,false
U004171,2025-11-01,android,paid_social,false
U004172,2026-03-24,android,paid_social,false
U004173,2025-09-12,android,press,false
U004174,2025-10-21,ios,organic,false
U004175,2025-09-05,ios,paid_social,false
U004176,2026-03-02,ios,organic,false
U004177,2026-03-11,ios,referral,false
U004178,2026-05-18,android,organic,false
U004179,2025-12-09,android,organic,false
U004180,2025-09-17,android,referral,false
U004181,2026-04-17,ios,referral,false
U004182,2025-09-27,ios,organic,false
U004183,2026-02-01,android,referral,false
U004184,2026-05-03,ios,paid_social,false
U004185,2025-10-10,android,organic,false
U004186,2025-09-30,android,organic,false
U004187,2026-03-11,android,organic,false
U004188,2026-03-10,ios,organic,false
U004189,2026-05-07,ios,organic,false
U004190,2025-10-29,ios,paid_social,false
U004191,2026-03-01,ios,organic,false
U004192,2026-05-02,android,organic,false
U004193,2025-09-29,ios,organic,false
U004194,2026-04-06,android,organic,false
U004195,2026-05-26,ios,paid_social,false
U004196,2026-03-31,android,press,false
U004197,2025-09-30,android,organic,false
U004198,2025-12-03,ios,organic,false
U004199,2026-05-07,android,referral,false
U004200,2025-11-02,android,press,false
U004201,2026-04-30,android,organic,false
U004202,2026-04-10,android,organic,false
U004203,2025-10-21,android,organic,false
U004204,2026-03-24,android,organic,false
U004205,2025-10-03,ios,referral,false
U004206,2026-05-15,android,organic,false
U004207,2026-05-11,ios,paid_social,false
U004208,2025-09-05,android,organic,false
U004209,2025-11-04,android,organic,false
U004210,2026-01-17,android,organic,false
U004211,2026-05-13,android,organic,false
U004212,2026-02-26,ios,organic,false
U004213,2026-02-24,android,press,false
U004214,2025-10-02,android,press,false
U004215,2026-04-15,ios,referral,false
U004216,2026-03-15,ios,organic,false
U004217,2025-12-20,android,press,false
U004218,2026-02-18,ios,organic,false
U004219,2025-12-18,ios,referral,false
U004220,2026-05-16,ios,referral,false
U004221,2026-01-17,android,organic,false
U004222,2025-11-01,android,organic,false
U004223,2025-11-08,ios,organic,false
U004224,2026-02-18,android,press,false
U004225,2026-02-16,android,paid_social,false
U004226,2026-05-12,ios,organic,false
U004227,2026-01-22,ios,organic,false
U004228,2026-04-02,android,press,false
U004229,2026-05-08,ios,paid_social,false
U004230,2026-03-20,android,paid_social,false
U004231,2026-04-27,ios,organic,false
U004232,2026-01-12,android,paid_social,false
U004233,2026-01-02,ios,paid_social,false
U004234,2026-05-15,ios,organic,false
U004235,2025-11-03,ios,paid_social,false
U004236,2026-03-26,ios,organic,false
U004237,2025-09-01,android,organic,false
U004238,2025-10-04,android,organic,false
U004239,2026-04-05,ios,paid_social,false
U004240,2025-09-15,android,organic,false
U004241,2025-12-10,ios,organic,false
U004242,2026-04-18,ios,organic,false
U004243,2025-10-20,ios,press,false
U004244,2025-10-09,android,organic,false
U004245,2025-11-02,ios,paid_social,false
U004246,2025-09-05,android,organic,false
U004247,2026-05-11,ios,referral,false
U004248,2026-02-21,android,paid_social,false
U004249,2026-01-10,ios,organic,false
U004250,2025-12-22,ios,organic,false
U004251,2026-03-25,android,organic,false
U004252,2026-03-10,android,paid_social,false
U004253,2026-04-06,ios,paid_social,false
U004254,2025-11-06,android,organic,false
U004255,2026-02-07,ios,organic,false
U004256,2026-04-21,ios,paid_social,false
U004257,2026-04-29,android,organic,false
U004258,2025-09-05,android,paid_social,false
U004259,2025-12-25,android,organic,false
U004260,2025-11-23,android,organic,false
U004261,2025-12-03,android,referral,false
U004262,2025-09-23,ios,referral,false
U004263,2025-09-04,android,organic,false
U004264,2026-02-17,ios,press,false
U004265,2025-11-06,android,organic,false
U004266,2026-01-26,ios,organic,false
U004267,2026-04-30,ios,paid_social,false
U004268,2025-12-13,android,paid_social,false
U004269,2026-02-08,android,referral,false
U004270,2026-02-13,android,organic,false
U004271,2026-04-30,android,organic,false
U004272,2026-03-14,ios,referral,false
U004273,2025-10-25,android,organic,false
U004274,2026-03-16,ios,referral,false
U004275,2026-05-05,ios,organic,false
U004276,2025-09-05,ios,organic,false
U004277,2026-03-20,android,organic,false
U004278,2025-11-22,android,organic,false
U004279,2025-11-29,ios,paid_social,false
U004280,2026-05-26,ios,paid_social,false
U004281,2025-10-07,ios,press,false
U004282,2025-12-30,android,organic,false
U004283,2025-10-23,android,organic,false
U004284,2026-03-08,ios,organic,false
U004285,2026-04-20,android,referral,false
U004286,2026-01-08,android,paid_social,false
U004287,2025-10-20,android,paid_social,false
U004288,2025-09-02,ios,paid_social,false
U004289,2026-05-22,ios,paid_social,false
U004290,2025-12-25,ios,organic,false
U004291,2026-01-24,ios,organic,false
U004292,2026-03-03,android,press,false
U004293,2025-10-04,android,press,false
U004294,2025-12-15,ios,organic,false
U004295,2025-09-10,android,paid_social,false
U004296,2025-11-07,android,paid_social,false
U004297,2025-11-01,android,paid_social,false
U004298,2026-01-20,android,organic,false
U004299,2026-01-16,android,paid_social,false
U004300,2026-02-17,android,organic,false
U004301,2026-03-15,android,referral,false
U004302,2026-04-21,android,organic,false
U004303,2026-01-21,android,referral,false
U004304,2025-10-04,ios,paid_social,false
U004305,2026-01-09,android,paid_social,false
U004306,2025-12-27,android,organic,false
U004307,2025-12-26,ios,paid_social,false
U004308,2025-12-08,ios,organic,false
U004309,2025-10-26,ios,referral,false
U004310,2025-11-10,ios,organic,false
U004311,2025-11-19,android,organic,false
U004312,2025-11-28,ios,organic,false
U004313,2025-11-14,android,press,false
U004314,2025-11-01,ios,paid_social,false
U004315,2026-04-19,android,organic,false
U004316,2026-04-10,android,referral,false
U004317,2026-04-02,android,organic,false
U004318,2026-04-04,android,organic,false
U004319,2026-04-22,ios,organic,false
U004320,2026-03-19,android,press,false
U004321,2025-11-18,ios,organic,false
U004322,2026-02-14,android,referral,false
U004323,2025-10-06,android,paid_social,false
U004324,2025-11-04,android,organic,false
U004325,2026-05-02,android,organic,false
U004326,2026-01-15,android,paid_social,false
U004327,2026-04-14,ios,referral,false
U004328,2026-04-07,ios,paid_social,false
U004329,2025-09-17,ios,paid_social,false
U004330,2026-02-25,android,organic,false
U004331,2025-10-24,android,organic,false
U004332,2026-01-28,android,organic,false
U004333,2026-03-05,android,paid_social,false
U004334,2026-05-05,android,paid_social,false
U004335,2025-09-08,android,organic,false
U004336,2026-02-02,ios,organic,false
U004337,2026-01-30,ios,organic,false
U004338,2025-10-22,android,organic,false
U004339,2026-03-11,android,organic,false
U004340,2026-05-23,android,referral,false
U004341,2025-10-10,ios,referral,false
U004342,2025-12-23,android,paid_social,false
U004343,2026-03-22,ios,organic,false
U004344,2026-01-08,android,referral,false
U004345,2026-01-14,android,paid_social,false
U004346,2025-09-05,ios,press,false
U004347,2026-02-06,ios,organic,false
U004348,2026-04-27,ios,paid_social,false
U004349,2026-02-04,android,organic,false
U004350,2026-02-28,ios,press,false
U004351,2026-05-28,android,organic,false
U004352,2026-01-13,android,organic,false
U004353,2026-04-20,ios,organic,false
U004354,2026-01-12,ios,organic,false
U004355,2025-11-07,ios,paid_social,false
U004356,2026-03-01,android,organic,false
U004357,2026-02-19,ios,organic,false
U004358,2026-05-26,ios,paid_social,false
U004359,2026-01-13,android,organic,false
U004360,2026-03-16,android,paid_social,false
U004361,2026-04-17,ios,organic,false
U004362,2026-02-01,android,organic,false
U004363,2025-11-25,android,organic,false
U004364,2026-01-09,ios,organic,false
U004365,2026-05-15,ios,referral,false
U004366,2025-09-10,android,organic,false
U004367,2025-10-04,android,referral,false
U004368,2026-03-06,ios,press,false
U004369,2026-03-14,android,organic,false
U004370,2025-09-04,android,referral,false
U004371,2025-10-20,android,referral,false
U004372,2026-05-10,ios,organic,false
U004373,2025-09-20,ios,organic,false
U004374,2025-10-11,android,paid_social,false
U004375,2025-09-09,android,organic,false
U004376,2026-04-28,android,referral,false
U004377,2026-01-27,android,organic,false
U004378,2025-12-30,ios,organic,false
U004379,2026-04-10,android,referral,false
U004380,2025-12-28,android,paid_social,false
U004381,2025-10-15,android,organic,false
U004382,2026-03-09,android,organic,false
U004383,2025-11-16,ios,press,false
U004384,2025-11-16,ios,organic,false
U004385,2025-12-12,ios,organic,false
U004386,2025-10-02,android,organic,false
U004387,2026-03-30,android,organic,false
U004388,2025-09-26,ios,paid_social,false
U004389,2025-09-23,android,organic,false
U004390,2025-12-20,android,organic,false
U004391,2025-11-10,ios,paid_social,false
U004392,2025-12-15,android,referral,false
U004393,2025-09-21,android,organic,false
U004394,2025-11-09,android,paid_social,false
U004395,2026-01-20,android,press,false
U004396,2026-04-24,ios,paid_social,false
U004397,2026-02-13,android,organic,false
U004398,2025-11-14,android,organic,false
U004399,2026-02-13,android,press,false
U004400,2026-04-10,ios,press,false
U004401,2026-05-01,ios,organic,false
U004402,2026-02-04,ios,organic,false
U004403,2026-02-11,android,paid_social,false
U004404,2025-11-19,android,organic,false
U004405,2026-02-27,ios,press,false
U004406,2026-03-30,android,press,false
U004407,2026-03-08,android,organic,false
U004408,2026-01-11,ios,press,false
U004409,2026-02-26,android,paid_social,false
U004410,2026-04-16,ios,paid_social,false
U004411,2026-04-16,android,paid_social,false
U004412,2025-09-10,android,organic,false
U004413,2025-11-09,android,organic,false
U004414,2025-12-17,ios,paid_social,false
U004415,2025-10-22,android,paid_social,false
U004416,2025-12-04,android,organic,false
U004417,2025-11-03,android,paid_social,false
U004418,2025-11-03,ios,paid_social,false
U004419,2026-03-16,android,referral,false
U004420,2025-10-28,android,referral,false
U004421,2026-04-26,ios,organic,false
U004422,2025-10-07,android,referral,false
U004423,2025-10-23,android,paid_social,false
U004424,2026-05-16,android,paid_social,false
U004425,2025-12-19,android,organic,false
U004426,2025-10-17,android,organic,false
U004427,2025-10-16,ios,paid_social,false
U004428,2025-10-05,ios,organic,false
U004429,2026-01-08,ios,paid_social,false
U004430,2026-02-19,ios,press,false
U004431,2025-11-09,android,organic,false
U004432,2026-05-11,android,organic,false
U004433,2025-10-25,android,organic,false
U004434,2025-12-29,android,press,false
U004435,2026-05-19,android,organic,false
U004436,2026-05-10,android,organic,false
U004437,2026-02-07,android,organic,false
U004438,2026-05-02,ios,organic,false
U004439,2025-11-28,ios,organic,false
U004440,2026-03-26,ios,organic,false
U004441,2025-12-09,android,organic,false
U004442,2026-03-06,android,organic,false
U004443,2025-11-12,android,organic,false
U004444,2025-11-12,ios,referral,false
U004445,2025-12-05,ios,referral,false
U004446,2025-12-22,ios,organic,false
U004447,2025-10-28,ios,referral,false
U004448,2026-02-24,android,paid_social,false
U004449,2025-10-01,ios,organic,false
U004450,2026-04-17,android,organic,false
U004451,2026-04-15,android,organic,false
U004452,2025-10-04,ios,organic,false
U004453,2025-10-03,android,organic,false
U004454,2025-12-18,android,organic,false
U004455,2025-12-05,android,organic,false
U004456,2025-10-02,android,press,false
U004457,2026-02-16,ios,referral,false
U004458,2025-10-12,ios,organic,false
U004459,2025-09-10,android,paid_social,false
U004460,2025-10-15,android,organic,false
U004461,2026-03-19,ios,organic,false
U004462,2026-01-21,android,referral,false
U004463,2025-12-15,ios,organic,false
U004464,2025-11-13,android,press,false
U004465,2025-09-25,ios,organic,false
U004466,2026-04-18,ios,organic,false
U004467,2026-03-28,android,organic,false
U004468,2025-10-27,ios,organic,false
U004469,2025-12-08,ios,press,false
U004470,2025-11-15,android,organic,false
U004471,2026-01-18,ios,organic,false
U004472,2026-01-07,android,organic,false
U004473,2026-02-14,ios,press,false
U004474,2026-01-13,android,paid_social,false
U004475,2026-01-07,android,organic,false
U004476,2026-01-10,ios,organic,false
U004477,2025-11-13,ios,paid_social,false
U004478,2026-04-08,android,paid_social,false
U004479,2025-09-02,android,paid_social,false
U004480,2025-11-12,android,paid_social,false
U004481,2026-03-11,ios,organic,false
U004482,2026-05-04,ios,press,false
U004483,2026-03-18,android,organic,false
U004484,2026-02-03,ios,paid_social,false
U004485,2025-11-19,android,organic,false
U004486,2026-01-22,android,organic,false
U004487,2025-12-21,android,referral,false
U004488,2026-02-18,ios,paid_social,false
U004489,2026-04-29,ios,referral,false
U004490,2026-04-26,android,paid_social,false
U004491,2026-04-10,android,organic,false
U004492,2025-12-11,android,organic,false
U004493,2025-10-15,android,organic,false
U004494,2025-11-08,android,organic,false
U004495,2026-03-05,ios,organic,false
U004496,2026-01-06,android,referral,false
U004497,2026-03-25,ios,organic,false
U004498,2025-11-06,ios,paid_social,false
U004499,2026-04-15,android,press,false
U004500,2025-09-06,android,organic,false
U004501,2026-01-08,android,organic,false
U004502,2025-12-23,android,paid_social,false
U004503,2026-05-23,android,organic,false
U004504,2025-11-05,android,paid_social,false
U004505,2025-11-10,android,paid_social,false
U004506,2026-02-28,ios,organic,false
U004507,2025-12-11,android,press,false
U004508,2025-11-18,ios,organic,false
U004509,2025-11-30,android,press,false
U004510,2026-04-23,ios,paid_social,false
U004511,2026-04-17,ios,referral,false
U004512,2025-11-03,android,referral,false
U004513,2025-09-21,android,press,false
U004514,2025-09-01,ios,referral,false
U004515,2026-01-20,ios,organic,false
U004516,2025-11-21,android,organic,false
U004517,2025-11-15,android,organic,false
U004518,2025-10-10,ios,organic,false
U004519,2026-04-01,android,press,false
U004520,2026-03-05,android,paid_social,false
U004521,2026-04-22,android,organic,false
U004522,2026-04-27,android,organic,false
U004523,2025-11-11,android,press,false
U004524,2025-09-22,ios,paid_social,false
U004525,2026-03-02,android,paid_social,false
U004526,2026-03-04,android,press,false
U004527,2026-03-28,android,press,false
U004528,2025-11-21,ios,referral,false
U004529,2026-02-15,ios,organic,false
U004530,2026-04-17,ios,organic,false
U004531,2025-11-21,ios,paid_social,false
U004532,2026-05-07,ios,paid_social,false
U004533,2026-03-14,android,referral,false
U004534,2025-10-13,android,referral,false
U004535,2025-11-02,android,paid_social,false
U004536,2026-03-24,android,organic,false
U004537,2026-03-11,android,referral,false
U004538,2026-05-12,ios,organic,false
U004539,2026-05-03,ios,organic,false
U004540,2025-10-24,ios,referral,false
U004541,2025-09-27,ios,organic,false
U004542,2025-09-16,android,organic,false
U004543,2026-03-14,android,organic,false
U004544,2026-04-10,ios,paid_social,false
U004545,2026-01-21,ios,organic,false
U004546,2026-04-29,android,referral,false
U004547,2026-04-02,android,organic,false
U004548,2025-10-13,ios,paid_social,false
U004549,2025-12-08,ios,paid_social,false
U004550,2025-10-17,ios,paid_social,false
U004551,2025-09-28,ios,paid_social,false
U004552,2026-04-27,android,organic,false
U004553,2026-03-23,android,organic,false
U004554,2026-04-28,ios,organic,false
U004555,2025-12-24,android,paid_social,false
U004556,2026-04-13,android,organic,false
U004557,2026-01-20,android,paid_social,false
U004558,2025-09-19,android,organic,false
U004559,2026-03-30,ios,organic,false
U004560,2026-03-08,ios,press,false
U004561,2026-03-07,ios,referral,false
U004562,2025-10-12,ios,referral,false
U004563,2026-03-23,ios,paid_social,false
U004564,2026-01-18,android,paid_social,false
U004565,2026-01-18,android,organic,false
U004566,2026-03-31,android,paid_social,false
U004567,2025-12-23,android,referral,false
U004568,2026-01-01,android,organic,false
U004569,2025-10-06,ios,organic,false
U004570,2026-04-25,ios,paid_social,false
U004571,2025-11-19,android,organic,false
U004572,2026-01-29,android,referral,false
U004573,2025-11-01,ios,press,false
U004574,2025-09-25,android,organic,false
U004575,2026-01-02,android,paid_social,false
U004576,2025-09-28,android,organic,false
U004577,2026-03-27,android,organic,false
U004578,2025-10-14,ios,organic,false
U004579,2025-11-12,ios,organic,false
U004580,2026-04-01,android,organic,false
U004581,2026-04-06,ios,press,false
U004582,2025-10-17,ios,paid_social,false
U004583,2026-05-15,ios,organic,false
U004584,2025-09-25,ios,referral,false
U004585,2026-04-15,ios,organic,false
U004586,2026-04-04,ios,organic,false
U004587,2026-05-24,ios,referral,false
U004588,2025-12-24,android,organic,false
U004589,2025-11-22,ios,press,false
U004590,2026-05-13,android,press,false
U004591,2026-05-04,android,organic,false
U004592,2026-02-23,ios,press,false
U004593,2026-04-01,ios,referral,false
U004594,2026-05-21,ios,organic,false
U004595,2026-02-12,android,referral,false
U004596,2025-09-01,android,organic,false
U004597,2026-01-12,android,press,false
U004598,2026-04-27,android,paid_social,false
U004599,2025-12-19,android,press,false
U004600,2026-03-10,android,organic,false
U004601,2025-12-26,android,organic,false
U004602,2025-11-23,ios,organic,false
U004603,2025-10-16,android,press,false
U004604,2026-01-13,ios,paid_social,false
U004605,2026-01-26,ios,paid_social,false
U004606,2026-01-22,ios,paid_social,false
U004607,2026-04-04,android,referral,false
U004608,2026-02-25,android,press,false
U004609,2026-02-24,android,press,false
U004610,2026-01-26,android,press,false
U004611,2025-11-18,android,paid_social,false
U004612,2025-10-08,android,press,false
U004613,2026-02-25,android,organic,false
U004614,2026-05-03,ios,organic,false
U004615,2026-02-18,ios,referral,false
U004616,2026-01-22,android,press,false
U004617,2025-10-09,ios,organic,false
U004618,2025-12-30,ios,referral,false
U004619,2026-02-25,android,paid_social,false
U004620,2026-02-21,ios,paid_social,false
U004621,2025-12-07,ios,paid_social,false
U004622,2025-09-05,android,press,false
U004623,2025-10-20,android,organic,false
U004624,2026-02-06,ios,paid_social,false
U004625,2026-03-28,android,organic,false
U004626,2025-09-29,ios,organic,false
U004627,2025-11-12,android,referral,false
U004628,2025-12-13,android,organic,false
U004629,2026-04-03,ios,paid_social,false
U004630,2026-03-27,ios,organic,false
U004631,2025-09-18,ios,organic,false
U004632,2026-04-17,android,organic,false
U004633,2026-04-29,ios,referral,false
U004634,2025-11-09,ios,referral,false
U004635,2026-04-02,android,organic,false
U004636,2026-05-26,ios,press,false
U004637,2026-04-07,ios,organic,false
U004638,2025-09-26,ios,organic,false
U004639,2026-04-01,ios,paid_social,false
U004640,2026-03-24,android,press,false
U004641,2025-12-29,ios,paid_social,false
U004642,2026-05-01,android,organic,false
U004643,2025-12-15,ios,organic,false
U004644,2025-09-23,ios,organic,false
U004645,2025-12-07,ios,press,false
U004646,2026-02-09,android,organic,false
U004647,2026-03-05,ios,press,false
U004648,2026-04-08,ios,referral,false
U004649,2026-02-01,ios,paid_social,false
U004650,2026-01-01,ios,paid_social,false
U004651,2026-01-30,android,referral,false
U004652,2026-03-19,ios,organic,false
U004653,2025-09-06,ios,organic,false
U004654,2026-05-11,android,organic,false
U004655,2025-10-08,android,organic,false
U004656,2026-05-18,android,paid_social,false
U004657,2025-11-08,android,referral,false
U004658,2026-03-14,ios,paid_social,false
U004659,2026-05-07,ios,paid_social,false
U004660,2026-01-22,android,referral,false
U004661,2026-01-19,ios,referral,false
U004662,2025-10-18,android,organic,false
U004663,2026-03-15,ios,organic,false
U004664,2025-11-14,android,organic,false
U004665,2025-11-01,android,press,false
U004666,2026-03-30,ios,referral,false
U004667,2025-09-29,android,paid_social,false
U004668,2025-10-14,ios,press,false
U004669,2026-02-26,android,paid_social,false
U004670,2025-10-19,ios,press,false
U004671,2025-12-23,android,organic,false
U004672,2025-12-19,android,paid_social,false
U004673,2025-12-23,android,paid_social,false
U004674,2026-04-23,ios,paid_social,false
U004675,2026-01-03,android,paid_social,false
U004676,2025-10-16,android,paid_social,false
U004677,2026-03-21,ios,organic,false
U004678,2026-03-26,android,organic,false
U004679,2026-05-13,android,paid_social,false
U004680,2026-04-05,ios,organic,false
U004681,2025-12-21,android,press,false
U004682,2025-09-21,ios,organic,false
U004683,2025-11-17,android,organic,false
U004684,2025-09-30,ios,organic,false
U004685,2026-04-28,android,organic,false
U004686,2026-03-29,ios,referral,false
U004687,2026-04-13,android,press,false
U004688,2025-10-06,ios,paid_social,false
U004689,2026-05-22,android,organic,false
U004690,2026-01-18,ios,paid_social,false
U004691,2026-04-18,ios,organic,false
U004692,2025-12-03,android,organic,false
U004693,2026-05-23,ios,organic,false
U004694,2026-05-23,ios,organic,false
U004695,2025-11-20,ios,organic,false
U004696,2025-09-07,ios,organic,false
U004697,2025-09-03,android,paid_social,false
U004698,2025-11-28,ios,organic,false
U004699,2025-11-27,android,paid_social,false
U004700,2025-09-27,android,organic,false
U004701,2025-10-15,android,organic,false
U004702,2026-04-13,android,organic,false
U004703,2025-12-13,android,paid_social,false
U004704,2026-02-22,android,organic,false
U004705,2025-11-20,ios,paid_social,false
U004706,2025-11-25,ios,organic,false
U004707,2026-01-12,ios,organic,false
U004708,2025-10-13,ios,organic,false
U004709,2025-09-01,ios,organic,false
U004710,2026-03-19,android,organic,false
U004711,2026-01-31,android,press,false
U004712,2025-11-01,android,press,false
U004713,2026-04-26,ios,paid_social,false
U004714,2026-02-08,android,paid_social,false
U004715,2025-09-12,android,paid_social,false
U004716,2025-09-16,ios,paid_social,false
U004717,2026-04-30,android,organic,false
U004718,2026-01-06,android,organic,false
U004719,2026-05-19,ios,referral,false
U004720,2026-01-12,android,referral,false
U004721,2026-05-16,ios,organic,false
U004722,2025-12-05,ios,press,false
U004723,2026-01-03,ios,paid_social,false
U004724,2025-12-30,android,organic,false
U004725,2026-02-03,ios,press,false
U004726,2025-09-13,ios,organic,false
U004727,2026-01-02,ios,organic,false
U004728,2026-01-01,android,organic,false
U004729,2026-04-27,ios,referral,false
U004730,2026-05-18,android,press,false
U004731,2026-01-22,ios,paid_social,false
U004732,2026-03-01,android,organic,false
U004733,2026-03-23,ios,organic,false
U004734,2026-02-07,ios,organic,false
U004735,2026-04-13,android,paid_social,false
U004736,2025-09-27,android,organic,false
U004737,2026-01-18,android,paid_social,false
U004738,2025-12-13,android,organic,false
U004739,2025-10-09,ios,referral,false
U004740,2026-01-20,ios,paid_social,false
U004741,2025-09-02,android,press,false
U004742,2025-11-19,ios,organic,false
U004743,2025-09-06,android,paid_social,false
U004744,2025-09-21,ios,paid_social,false
U004745,2026-02-09,android,organic,false
U004746,2026-03-03,ios,paid_social,false
U004747,2025-10-21,android,organic,false
U004748,2025-10-09,android,paid_social,false
U004749,2026-02-16,ios,paid_social,false
U004750,2026-01-06,ios,press,false
U004751,2026-01-03,ios,organic,false
U004752,2025-11-11,android,organic,false
U004753,2026-05-09,ios,organic,false
U004754,2026-05-23,android,organic,false
U004755,2025-11-23,ios,organic,false
U004756,2026-04-07,android,organic,false
U004757,2026-05-23,ios,paid_social,false
U004758,2026-03-05,ios,paid_social,false
U004759,2026-04-28,android,organic,false
U004760,2026-02-03,android,organic,false
U004761,2026-01-07,android,organic,false
U004762,2025-11-09,android,organic,false
U004763,2025-10-28,android,paid_social,false
U004764,2025-10-10,ios,referral,false
U004765,2025-10-04,android,referral,false
U004766,2025-11-28,android,organic,false
U004767,2025-12-26,ios,organic,false
U004768,2026-03-10,android,referral,false
U004769,2026-04-19,ios,paid_social,false
U004770,2026-03-27,ios,organic,false
U004771,2026-05-02,android,referral,false
U004772,2026-05-26,android,organic,false
U004773,2026-03-16,ios,organic,false
U004774,2026-01-24,android,organic,false
U004775,2026-02-13,android,organic,false
U004776,2025-10-14,ios,organic,false
U004777,2026-03-11,android,organic,false
U004778,2025-11-28,android,paid_social,false
U004779,2025-09-12,ios,organic,false
U004780,2025-12-05,android,organic,false
U004781,2026-01-01,android,organic,false
U004782,2026-02-25,ios,organic,false
U004783,2025-09-08,android,paid_social,false
U004784,2025-12-25,android,organic,false
U004785,2026-02-19,ios,organic,false
U004786,2026-03-27,android,paid_social,false
U004787,2025-11-23,android,organic,false
U004788,2026-05-11,ios,paid_social,false
U004789,2026-01-06,ios,organic,false
U004790,2026-04-04,ios,press,false
U004791,2026-01-26,ios,press,false
U004792,2025-10-01,android,organic,false
U004793,2026-03-12,ios,organic,false
U004794,2026-04-26,ios,paid_social,false
U004795,2026-03-13,android,organic,false
U004796,2026-01-19,ios,organic,false
U004797,2025-10-07,ios,organic,false
U004798,2025-10-02,android,paid_social,false
U004799,2025-09-01,ios,referral,false
U004800,2025-10-17,ios,referral,false
U004801,2026-02-26,ios,paid_social,false
U004802,2025-12-28,ios,organic,false
U004803,2025-11-30,ios,organic,false
U004804,2026-02-01,ios,paid_social,false
U004805,2025-11-14,ios,organic,false
U004806,2026-03-10,android,paid_social,false
U004807,2025-12-31,ios,organic,false
U004808,2026-04-20,android,organic,false
U004809,2026-05-09,android,organic,false
U004810,2025-12-15,android,paid_social,false
U004811,2025-11-13,ios,organic,false
U004812,2025-09-01,ios,paid_social,false
U004813,2026-04-26,ios,paid_social,false
U004814,2025-09-25,android,paid_social,false
U004815,2025-10-17,ios,organic,false
U004816,2026-02-16,ios,referral,false
U004817,2026-01-06,android,organic,false
U004818,2025-09-25,ios,organic,false
U004819,2025-11-05,android,paid_social,false
U004820,2026-04-21,ios,referral,false
U004821,2025-10-05,android,paid_social,false
U004822,2026-03-20,ios,paid_social,false
U004823,2025-11-13,ios,organic,false
U004824,2025-09-28,android,paid_social,false
U004825,2025-10-19,ios,paid_social,false
U004826,2025-10-23,android,press,false
U004827,2026-02-05,ios,organic,false
U004828,2026-02-28,android,referral,false
U004829,2026-05-10,android,organic,false
U004830,2025-12-12,android,organic,false
U004831,2025-12-28,ios,organic,false
U004832,2025-11-21,ios,organic,false
U004833,2025-11-03,ios,referral,false
U004834,2026-02-24,ios,organic,false
U004835,2026-02-01,android,organic,false
U004836,2025-10-07,ios,referral,false
U004837,2025-10-13,android,organic,false
U004838,2026-01-04,android,organic,false
U004839,2026-01-15,ios,organic,false
U004840,2025-09-02,android,organic,false
U004841,2026-02-24,ios,referral,false
U004842,2026-02-07,android,organic,false
U004843,2026-04-26,ios,paid_social,false
U004844,2026-05-17,android,organic,false
U004845,2025-10-21,android,organic,false
U004846,2025-11-25,android,organic,false
U004847,2026-03-23,android,paid_social,false
U004848,2026-05-28,ios,organic,false
U004849,2026-01-10,ios,organic,false
U004850,2026-01-08,android,referral,false
U004851,2026-05-02,android,organic,false
U004852,2026-04-20,android,organic,false
U004853,2026-02-14,ios,paid_social,false
U004854,2025-12-25,android,paid_social,false
U004855,2026-05-13,android,organic,false
U004856,2026-03-13,android,paid_social,false
U004857,2026-02-09,android,organic,false
U004858,2025-12-13,ios,referral,false
U004859,2026-04-06,android,paid_social,false
U004860,2025-09-12,ios,organic,false
U004861,2025-12-16,ios,press,false
U004862,2026-01-14,ios,organic,false
U004863,2026-03-20,ios,organic,false
U004864,2026-04-13,ios,press,false
U004865,2025-11-18,ios,press,false
U004866,2026-04-16,android,organic,false
U004867,2025-11-29,android,organic,false
U004868,2026-01-14,android,organic,false
U004869,2026-01-10,android,organic,false
U004870,2026-02-11,ios,paid_social,false
U004871,2025-10-11,ios,referral,false
U004872,2026-01-24,ios,paid_social,false
U004873,2026-01-27,ios,organic,false
U004874,2025-09-22,android,organic,false
U004875,2025-12-01,android,paid_social,false
U004876,2025-09-17,ios,press,false
U004877,2025-09-07,android,paid_social,false
U004878,2026-03-13,android,organic,false
U004879,2026-01-12,ios,referral,false
U004880,2026-03-16,ios,referral,false
U004881,2026-01-24,android,organic,false
U004882,2025-10-12,android,organic,false
U004883,2026-05-15,android,paid_social,false
U004884,2025-11-08,android,organic,false
U004885,2025-10-12,android,press,false
U004886,2026-03-29,ios,referral,false
U004887,2025-09-18,ios,organic,false
U004888,2025-09-28,android,organic,false
U004889,2026-05-14,ios,paid_social,false
U004890,2025-10-13,ios,organic,false
U004891,2025-09-17,ios,referral,false
U004892,2025-10-04,android,paid_social,false
U004893,2025-11-08,ios,organic,false
U004894,2026-04-19,android,organic,false
U004895,2026-03-12,android,referral,false
U004896,2026-05-18,android,organic,false
U004897,2025-12-16,ios,organic,false
U004898,2026-01-28,android,referral,false
U004899,2026-05-12,android,press,false
U004900,2026-03-08,ios,organic,false
U004901,2025-10-16,android,paid_social,false
U004902,2026-01-30,ios,paid_social,false
U004903,2025-09-23,ios,paid_social,false
U004904,2026-02-05,android,organic,false
U004905,2025-12-18,ios,paid_social,false
U004906,2025-12-22,ios,organic,false
U004907,2026-04-16,ios,paid_social,false
U004908,2026-03-26,ios,paid_social,false
U004909,2026-01-02,ios,referral,false
U004910,2025-12-19,ios,paid_social,false
U004911,2025-11-23,android,paid_social,false
U004912,2025-09-03,ios,organic,false
U004913,2026-03-08,ios,press,false
U004914,2025-12-05,ios,organic,false
U004915,2026-01-10,android,organic,false
U004916,2025-10-21,ios,organic,false
U004917,2025-10-29,ios,paid_social,false
U004918,2026-01-02,android,paid_social,false
U004919,2026-03-17,ios,paid_social,false
U004920,2025-09-24,android,organic,false
U004921,2025-11-21,android,organic,false
U004922,2026-02-16,ios,organic,false
U004923,2025-12-31,android,paid_social,false
U004924,2026-01-21,ios,paid_social,false
U004925,2025-10-01,android,organic,false
U004926,2026-03-10,android,organic,false
U004927,2025-12-05,android,organic,false
U004928,2026-02-03,ios,organic,false
U004929,2026-04-29,ios,referral,false
U004930,2025-09-24,android,organic,false
U004931,2026-04-15,android,paid_social,false
U004932,2025-09-13,ios,referral,false
U004933,2025-11-06,android,referral,false
U004934,2025-09-08,android,organic,false
U004935,2025-10-02,ios,referral,false
U004936,2026-01-11,ios,organic,false
U004937,2025-12-03,ios,organic,false
U004938,2025-10-30,android,organic,false
U004939,2025-11-27,android,organic,false
U004940,2025-09-24,android,referral,false
U004941,2025-10-23,ios,organic,false
U004942,2026-05-25,ios,press,false
U004943,2026-03-27,android,organic,false
U004944,2025-12-02,ios,organic,false
U004945,2025-10-28,android,organic,false
U004946,2025-11-06,ios,referral,false
U004947,2025-12-06,android,press,false
U004948,2026-01-12,android,organic,false
U004949,2025-10-01,android,organic,false
U004950,2025-10-13,android,organic,false
U004951,2026-01-12,ios,press,false
U004952,2026-04-23,ios,organic,false
U004953,2026-02-05,ios,press,false
U004954,2025-09-11,ios,organic,false
U004955,2025-12-29,ios,press,false
U004956,2026-03-27,android,press,false
U004957,2026-04-28,ios,referral,false
U004958,2025-09-30,android,paid_social,false
U004959,2026-05-14,android,paid_social,false
U004960,2026-03-07,ios,referral,false
U004961,2025-11-07,ios,organic,false
U004962,2026-04-28,android,paid_social,false
U004963,2026-02-21,android,organic,false
U004964,2025-12-04,android,organic,false
U004965,2025-09-19,android,referral,false
U004966,2025-12-01,android,organic,false
U004967,2026-01-27,ios,referral,false
U004968,2026-05-14,android,organic,false
U004969,2026-05-08,ios,paid_social,false
U004970,2026-04-23,ios,paid_social,false
U004971,2026-01-01,android,referral,false
U004972,2026-05-11,android,paid_social,false
U004973,2026-04-17,android,organic,false
U004974,2025-10-04,android,organic,false
U004975,2025-12-04,android,organic,false
U004976,2026-02-19,ios,press,false
U004977,2025-09-24,ios,organic,false
U004978,2025-11-22,android,press,false
U004979,2025-10-21,ios,referral,false
U004980,2026-03-15,android,organic,false
U004981,2025-10-30,android,organic,false
U004982,2025-10-02,android,organic,false
U004983,2025-11-28,android,referral,false
U004984,2025-12-22,ios,press,false
U004985,2026-02-22,android,organic,false
U004986,2026-04-06,android,organic,false
U004987,2026-04-30,android,organic,false
U004988,2026-03-27,android,paid_social,false
U004989,2025-11-17,ios,organic,false
U004990,2025-12-25,android,organic,false
U004991,2025-10-28,android,organic,false
U004992,2026-03-22,ios,referral,false
U004993,2026-02-05,android,organic,false
U004994,2025-11-12,android,organic,false
U004995,2026-03-23,android,organic,false
U004996,2026-04-07,ios,press,false
U004997,2025-10-18,ios,organic,false
U004998,2025-10-18,android,referral,false
U004999,2025-10-28,ios,organic,false
U005000,2026-04-15,android,organic,false
QA0001,2026-03-02,ios,internal,true
QA0002,2026-03-02,android,internal,true
QA0003,2026-03-02,ios,internal,true
QA0004,2026-03-02,android,internal,true
QA0005,2026-03-02,ios,internal,true
QA0006,2026-03-02,android,internal,true
QA0007,2026-03-02,ios,internal,true
QA0008,2026-03-02,android,internal,true
QA0009,2026-03-02,ios,internal,true
QA0010,2026-03-02,android,internal,true
QA0011,2026-03-02,ios,internal,true
QA0012,2026-03-02,android,internal,true
QA0013,2026-03-02,ios,internal,true
QA0014,2026-03-02,android,internal,true
QA0015,2026-03-02,ios,internal,true
QA0016,2026-03-02,android,internal,true
QA0017,2026-03-02,ios,internal,true
QA0018,2026-03-02,android,internal,true
QA0019,2026-03-02,ios,internal,true
QA0020,2026-03-02,android,internal,true
QA0021,2026-03-02,ios,internal,true
QA0022,2026-03-02,android,internal,true
QA0023,2026-03-02,ios,internal,true
QA0024,2026-03-02,android,internal,true
QA0025,2026-03-02,ios,internal,true
QA0026,2026-03-02,android,internal,true
QA0027,2026-03-02,ios,internal,true
QA0028,2026-03-02,android,internal,true
QA0029,2026-03-02,ios,internal,true
QA0030,2026-03-02,android,internal,true
QA0031,2026-03-02,ios,internal,true
QA0032,2026-03-02,android,internal,true
QA0033,2026-03-02,ios,internal,true
QA0034,2026-03-02,android,internal,true
QA0035,2026-03-02,ios,internal,true
QA0036,2026-03-02,android,internal,true
QA0037,2026-03-02,ios,internal,true
QA0038,2026-03-02,android,internal,true
QA0039,2026-03-02,ios,internal,true
QA0040,2026-03-02,android,internal,true
QA0041,2026-03-02,ios,internal,true
QA0042,2026-03-02,android,internal,true
QA0043,2026-03-02,ios,internal,true
QA0044,2026-03-02,android,internal,true
QA0045,2026-03-02,ios,internal,true
QA0046,2026-03-02,android,internal,true
QA0047,2026-03-02,ios,internal,true
QA0048,2026-03-02,android,internal,true
QA0049,2026-03-02,ios,internal,true
QA0050,2026-03-02,android,internal,true
QA0051,2026-03-02,ios,internal,true
QA0052,2026-03-02,android,internal,true
QA0053,2026-03-02,ios,internal,true
QA0054,2026-03-02,android,internal,true
QA0055,2026-03-02,ios,internal,true
QA0056,2026-03-02,android,internal,true
QA0057,2026-03-02,ios,internal,true
QA0058,2026-03-02,android,internal,true
QA0059,2026-03-02,ios,internal,true
QA0060,2026-03-02,android,internal,true
QA0061,2026-03-02,ios,internal,true
QA0062,2026-03-02,android,internal,true
QA0063,2026-03-02,ios,internal,true
QA0064,2026-03-02,android,internal,true
QA0065,2026-03-02,ios,internal,true
QA0066,2026-03-02,android,internal,true
QA0067,2026-03-02,ios,internal,true
QA0068,2026-03-02,android,internal,true
QA0069,2026-03-02,ios,internal,true
QA0070,2026-03-02,android,internal,true
QA0071,2026-03-02,ios,internal,true
QA0072,2026-03-02,android,internal,true
QA0073,2026-03-02,ios,internal,true
QA0074,2026-03-02,android,internal,true
QA0075,2026-03-02,ios,internal,true
QA0076,2026-03-02,android,internal,true
QA0077,2026-03-02,ios,internal,true
QA0078,2026-03-02,android,internal,true
QA0079,2026-03-02,ios,internal,true
QA0080,2026-03-02,android,internal,true
QA0081,2026-03-02,ios,internal,true
QA0082,2026-03-02,android,internal,true
QA0083,2026-03-02,ios,internal,true
QA0084,2026-03-02,android,internal,true
QA0085,2026-03-02,ios,internal,true
QA0086,2026-03-02,android,internal,true
QA0087,2026-03-02,ios,internal,true
QA0088,2026-03-02,android,internal,true
QA0089,2026-03-02,ios,internal,true
QA0090,2026-03-02,android,internal,true
QA0091,2026-03-02,ios,internal,true
QA0092,2026-03-02,android,internal,true
QA0093,2026-03-02,ios,internal,true
QA0094,2026-03-02,android,internal,true
QA0095,2026-03-02,ios,internal,true
QA0096,2026-03-02,android,internal,true
QA0097,2026-03-02,ios,internal,true
QA0098,2026-03-02,android,internal,true
QA0099,2026-03-02,ios,internal,true
QA0100,2026-03-02,android,internal,true
QA0101,2026-03-02,ios,internal,true
QA0102,2026-03-02,android,internal,true
QA0103,2026-03-02,ios,internal,true
QA0104,2026-03-02,android,internal,true
QA0105,2026-03-02,ios,internal,true
QA0106,2026-03-02,android,internal,true
QA0107,2026-03-02,ios,internal,true
QA0108,2026-03-02,android,internal,true
QA0109,2026-03-02,ios,internal,true
QA0110,2026-03-02,android,internal,true
QA0111,2026-03-02,ios,internal,true
QA0112,2026-03-02,android,internal,true
QA0113,2026-03-02,ios,internal,true
QA0114,2026-03-02,android,internal,true
QA0115,2026-03-02,ios,internal,true
QA0116,2026-03-02,android,internal,true
QA0117,2026-03-02,ios,internal,true
QA0118,2026-03-02,android,internal,true
QA0119,2026-03-02,ios,internal,true
QA0120,2026-03-02,android,internal,true
QA0121,2026-03-02,ios,internal,true
QA0122,2026-03-02,android,internal,true
QA0123,2026-03-02,ios,internal,true
QA0124,2026-03-02,android,internal,true
QA0125,2026-03-02,ios,internal,true
QA0126,2026-03-02,android,internal,true
QA0127,2026-03-02,ios,internal,true
QA0128,2026-03-02,android,internal,true
QA0129,2026-03-02,ios,internal,true
QA0130,2026-03-02,android,internal,true
QA0131,2026-03-02,ios,internal,true
QA0132,2026-03-02,android,internal,true
QA0133,2026-03-02,ios,internal,true
QA0134,2026-03-02,android,internal,true
QA0135,2026-03-02,ios,internal,true
QA0136,2026-03-02,android,internal,true
QA0137,2026-03-02,ios,internal,true
QA0138,2026-03-02,android,internal,true
QA0139,2026-03-02,ios,internal,true
QA0140,2026-03-02,android,internal,true
QA0141,2026-03-02,ios,internal,true
QA0142,2026-03-02,android,internal,true
QA0143,2026-03-02,ios,internal,true
QA0144,2026-03-02,android,internal,true
QA0145,2026-03-02,ios,internal,true
QA0146,2026-03-02,android,internal,true
QA0147,2026-03-02,ios,internal,true
QA0148,2026-03-02,android,internal,true
QA0149,2026-03-02,ios,internal,true
QA0150,2026-03-02,android,internal,true
QA0151,2026-03-02,ios,internal,true
QA0152,2026-03-02,android,internal,true
QA0153,2026-03-02,ios,internal,true
QA0154,2026-03-02,android,internal,true
QA0155,2026-03-02,ios,internal,true
QA0156,2026-03-02,android,internal,true
QA0157,2026-03-02,ios,internal,true
QA0158,2026-03-02,android,internal,true
QA0159,2026-03-02,ios,internal,true
QA0160,2026-03-02,android,internal,true
QA0161,2026-03-02,ios,internal,true
QA0162,2026-03-02,android,internal,true
QA0163,2026-03-02,ios,internal,true
QA0164,2026-03-02,android,internal,true
QA0165,2026-03-02,ios,internal,true
QA0166,2026-03-02,android,internal,true
QA0167,2026-03-02,ios,internal,true
QA0168,2026-03-02,android,internal,true
QA0169,2026-03-02,ios,internal,true
QA0170,2026-03-02,android,internal,true
QA0171,2026-03-02,ios,internal,true
QA0172,2026-03-02,android,internal,true
QA0173,2026-03-02,ios,internal,true
QA0174,2026-03-02,android,internal,true
QA0175,2026-03-02,ios,internal,true
QA0176,2026-03-02,android,internal,true
QA0177,2026-03-02,ios,internal,true
QA0178,2026-03-02,android,internal,true
QA0179,2026-03-02,ios,internal,true
QA0180,2026-03-02,android,internal,true
QA0181,2026-03-02,ios,internal,true
QA0182,2026-03-02,android,internal,true
QA0183,2026-03-02,ios,internal,true
QA0184,2026-03-02,android,internal,true
QA0185,2026-03-02,ios,internal,true
QA0186,2026-03-02,android,internal,true
QA0187,2026-03-02,ios,internal,true
QA0188,2026-03-02,android,internal,true
QA0189,2026-03-02,ios,internal,true
QA0190,2026-03-02,android,internal,true
QA0191,2026-03-02,ios,internal,true
QA0192,2026-03-02,android,internal,true
QA0193,2026-03-02,ios,internal,true
QA0194,2026-03-02,android,internal,true
QA0195,2026-03-02,ios,internal,true
QA0196,2026-03-02,android,internal,true
QA0197,2026-03-02,ios,internal,true
QA0198,2026-03-02,android,internal,true
QA0199,2026-03-02,ios,internal,true
QA0200,2026-03-02,android,internal,true
QA0201,2026-03-02,ios,internal,true
QA0202,2026-03-02,android,internal,true
QA0203,2026-03-02,ios,internal,true
QA0204,2026-03-02,android,internal,true
QA0205,2026-03-02,ios,internal,true
QA0206,2026-03-02,android,internal,true
QA0207,2026-03-02,ios,internal,true
QA0208,2026-03-02,android,internal,true
QA0209,2026-03-02,ios,internal,true
QA0210,2026-03-02,android,internal,true
QA0211,2026-03-02,ios,internal,true
QA0212,2026-03-02,android,internal,true
QA0213,2026-03-02,ios,internal,true
QA0214,2026-03-02,android,internal,true
QA0215,2026-03-02,ios,internal,true
QA0216,2026-03-02,android,internal,true
QA0217,2026-03-02,ios,internal,true
QA0218,2026-03-02,android,internal,true
QA0219,2026-03-02,ios,internal,true
QA0220,2026-03-02,android,internal,true
QA0221,2026-03-02,ios,internal,true
QA0222,2026-03-02,android,internal,true
QA0223,2026-03-02,ios,internal,true
QA0224,2026-03-02,android,internal,true
QA0225,2026-03-02,ios,internal,true
QA0226,2026-03-02,android,internal,true
QA0227,2026-03-02,ios,internal,true
QA0228,2026-03-02,android,internal,true
QA0229,2026-03-02,ios,internal,true
QA0230,2026-03-02,android,internal,true
QA0231,2026-03-02,ios,internal,true
QA0232,2026-03-02,android,internal,true
QA0233,2026-03-02,ios,internal,true
QA0234,2026-03-02,android,internal,true
QA0235,2026-03-02,ios,internal,true
QA0236,2026-03-02,android,internal,true
QA0237,2026-03-02,ios,internal,true
QA0238,2026-03-02,android,internal,true
QA0239,2026-03-02,ios,internal,true
QA0240,2026-03-02,android,internal,true
QA0241,2026-03-02,ios,internal,true
QA0242,2026-03-02,android,internal,true
QA0243,2026-03-02,ios,internal,true
QA0244,2026-03-02,android,internal,true
QA0245,2026-03-02,ios,internal,true
QA0246,2026-03-02,android,internal,true
QA0247,2026-03-02,ios,internal,true
QA0248,2026-03-02,android,internal,true
QA0249,2026-03-02,ios,internal,true
QA0250,2026-03-02,android,internal,true
QA0251,2026-03-02,ios,internal,true
QA0252,2026-03-02,android,internal,true
QA0253,2026-03-02,ios,internal,true
QA0254,2026-03-02,android,internal,true
QA0255,2026-03-02,ios,internal,true
QA0256,2026-03-02,android,internal,true
QA0257,2026-03-02,ios,internal,true
QA0258,2026-03-02,android,internal,true
QA0259,2026-03-02,ios,internal,true
QA0260,2026-03-02,android,internal,true
QA0261,2026-03-02,ios,internal,true
QA0262,2026-03-02,android,internal,true
QA0263,2026-03-02,ios,internal,true
QA0264,2026-03-02,android,internal,true
QA0265,2026-03-02,ios,internal,true
QA0266,2026-03-02,android,internal,true
QA0267,2026-03-02,ios,internal,true
QA0268,2026-03-02,android,internal,true
QA0269,2026-03-02,ios,internal,true
QA0270,2026-03-02,android,internal,true
QA0271,2026-03-02,ios,internal,true
QA0272,2026-03-02,android,internal,true
QA0273,2026-03-02,ios,internal,true
QA0274,2026-03-02,android,internal,true
QA0275,2026-03-02,ios,internal,true
QA0276,2026-03-02,android,internal,true
QA0277,2026-03-02,ios,internal,true
QA0278,2026-03-02,android,internal,true
QA0279,2026-03-02,ios,internal,true
QA0280,2026-03-02,android,internal,true
QA0281,2026-03-02,ios,internal,true
QA0282,2026-03-02,android,internal,true
QA0283,2026-03-02,ios,internal,true
QA0284,2026-03-02,android,internal,true
QA0285,2026-03-02,ios,internal,true
QA0286,2026-03-02,android,internal,true
QA0287,2026-03-02,ios,internal,true
QA0288,2026-03-02,android,internal,true
QA0289,2026-03-02,ios,internal,true
QA0290,2026-03-02,android,internal,true
QA0291,2026-03-02,ios,internal,true
QA0292,2026-03-02,android,internal,true
QA0293,2026-03-02,ios,internal,true
QA0294,2026-03-02,android,internal,true
QA0295,2026-03-02,ios,internal,true
QA0296,2026-03-02,android,internal,true
QA0297,2026-03-02,ios,internal,true
QA0298,2026-03-02,android,internal,true
QA0299,2026-03-02,ios,internal,true
QA0300,2026-03-02,android,internal,true
QA0301,2026-03-02,ios,internal,true
QA0302,2026-03-02,android,internal,true
QA0303,2026-03-02,ios,internal,true
QA0304,2026-03-02,android,internal,true
QA0305,2026-03-02,ios,internal,true
QA0306,2026-03-02,android,internal,true
QA0307,2026-03-02,ios,internal,true
QA0308,2026-03-02,android,internal,true
QA0309,2026-03-02,ios,internal,true
QA0310,2026-03-02,android,internal,true
QA0311,2026-03-02,ios,internal,true
QA0312,2026-03-02,android,internal,true
QA0313,2026-03-02,ios,internal,true
QA0314,2026-03-02,android,internal,true
QA0315,2026-03-02,ios,internal,true
QA0316,2026-03-02,android,internal,true
QA0317,2026-03-02,ios,internal,true
QA0318,2026-03-02,android,internal,true
QA0319,2026-03-02,ios,internal,true
QA0320,2026-03-02,android,internal,true
QA0321,2026-03-02,ios,internal,true
QA0322,2026-03-02,android,internal,true
QA0323,2026-03-02,ios,internal,true
QA0324,2026-03-02,android,internal,true
QA0325,2026-03-02,ios,internal,true
QA0326,2026-03-02,android,internal,true
QA0327,2026-03-02,ios,internal,true
QA0328,2026-03-02,android,internal,true
QA0329,2026-03-02,ios,internal,true
QA0330,2026-03-02,android,internal,true
QA0331,2026-03-02,ios,internal,true
QA0332,2026-03-02,android,internal,true
QA0333,2026-03-02,ios,internal,true
QA0334,2026-03-02,android,internal,true
QA0335,2026-03-02,ios,internal,true
QA0336,2026-03-02,android,internal,true
QA0337,2026-03-02,ios,internal,true
QA0338,2026-03-02,android,internal,true
QA0339,2026-03-02,ios,internal,true
QA0340,2026-03-02,android,internal,true
QA0341,2026-03-02,ios,internal,true
QA0342,2026-03-02,android,internal,true
QA0343,2026-03-02,ios,internal,true
QA0344,2026-03-02,android,internal,true
QA0345,2026-03-02,ios,internal,true
QA0346,2026-03-02,android,internal,true
QA0347,2026-03-02,ios,internal,true
QA0348,2026-03-02,android,internal,true
QA0349,2026-03-02,ios,internal,true
QA0350,2026-03-02,android,internal,true
QA0351,2026-03-02,ios,internal,true
QA0352,2026-03-02,android,internal,true
QA0353,2026-03-02,ios,internal,true
QA0354,2026-03-02,android,internal,true
QA0355,2026-03-02,ios,internal,true
QA0356,2026-03-02,android,internal,true
QA0357,2026-03-02,ios,internal,true
QA0358,2026-03-02,android,internal,true
QA0359,2026-03-02,ios,internal,true
QA0360,2026-03-02,android,internal,true
QA0361,2026-03-02,ios,internal,true
QA0362,2026-03-02,android,internal,true
QA0363,2026-03-02,ios,internal,true
QA0364,2026-03-02,android,internal,true
QA0365,2026-03-02,ios,internal,true
QA0366,2026-03-02,android,internal,true
QA0367,2026-03-02,ios,internal,true
QA0368,2026-03-02,android,internal,true
QA0369,2026-03-02,ios,internal,true
QA0370,2026-03-02,android,internal,true
QA0371,2026-03-02,ios,internal,true
QA0372,2026-03-02,android,internal,true
QA0373,2026-03-02,ios,internal,true
QA0374,2026-03-02,android,internal,true
QA0375,2026-03-02,ios,internal,true
QA0376,2026-03-02,android,internal,true
QA0377,2026-03-02,ios,internal,true
QA0378,2026-03-02,android,internal,true
QA0379,2026-03-02,ios,internal,true
QA0380,2026-03-02,android,internal,true
QA0381,2026-03-02,ios,internal,true
QA0382,2026-03-02,android,internal,true
QA0383,2026-03-02,ios,internal,true
QA0384,2026-03-02,android,internal,true
QA0385,2026-03-02,ios,internal,true
QA0386,2026-03-02,android,internal,true
QA0387,2026-03-02,ios,internal,true
QA0388,2026-03-02,android,internal,true
QA0389,2026-03-02,ios,internal,true
QA0390,2026-03-02,android,internal,true
QA0391,2026-03-02,ios,internal,true
QA0392,2026-03-02,android,internal,true
QA0393,2026-03-02,ios,internal,true
QA0394,2026-03-02,android,internal,true
QA0395,2026-03-02,ios,internal,true
QA0396,2026-03-02,android,internal,true
QA0397,2026-03-02,ios,internal,true
QA0398,2026-03-02,android,internal,true
QA0399,2026-03-02,ios,internal,true
QA0400,2026-03-02,android,internal,true
